Type,Trans Date,Post Date,Description,Amount,Category,Memo,
3/6/2019,3/8/2019,LA MODE CLEANERS,Personal,Sale,-31,y,
3/6/2019,3/8/2019,Han Sushi,Food & Drink,Sale,-72.97,y,
3/6/2019,3/8/2019,GRACEFULLY,Groceries,Sale,-15.11,y,
3/5/2019,3/7/2019,GRACEFULLY,Groceries,Sale,-35.11,y,
3/5/2019,3/7/2019,GRACEFULLY,Groceries,Sale,-16.05,y,
3/4/2019,3/6/2019,GRACEFULLY,Groceries,Sale,-41.68,y,
3/4/2019,3/6/2019,CAFE LUXEMBOURG,Food & Drink,Sale,-76.42,y,
3/4/2019,3/5/2019,UBER   *,Travel,Sale,-35.45,y,
3/3/2019,3/5/2019,Han Sushi,Food & Drink,Sale,-88.12,y,
3/2/2019,3/4/2019,INTI NYC,Food & Drink,Sale,-72.06,y,
3/1/2019,3/4/2019,GRACEFULLY,Groceries,Sale,-59.15,y,
3/1/2019,3/4/2019,GRACEFULLY,Groceries,Sale,-12.52,y,
3/1/2019,3/4/2019,LA MODE CLEANERS,Personal,Sale,-38,y,
3/2/2019,3/4/2019,REEBOK STORE 670,Shopping,Sale,-60,y,
3/4/2019,3/4/2019,UBER   *,Travel,Sale,-41.52,y,
3/2/2019,3/4/2019,ESRT OBSERVATORY TRS,Entertainment,Sale,-65,y,
3/3/2019,3/4/2019,UBER   EATS,Travel,Sale,-51.9,y,
3/2/2019,3/4/2019,OMG,Shopping,Sale,-119.91,y,
3/2/2019,3/3/2019,CVS/PHARMACY #10612,Health & Wellness,Sale,-13.81,y,
3/2/2019,3/3/2019,L OCCITANE 324,Shopping,Sale,-132.83,y,
2/28/2019,3/3/2019,GRACEFULLY,Groceries,Sale,-54.3,y,
2/28/2019,3/3/2019,GRACEFULLY,Groceries,Sale,-14.57,y,
3/2/2019,3/3/2019,COZY SOUP AND BURGER,Food & Drink,Sale,-27.2,y,
3/3/2019,3/3/2019,UBER   *,Travel,Sale,-27.97,y,
2/27/2019,3/1/2019,GRACEFULLY,Groceries,Sale,-47.51,y,
2/27/2019,3/1/2019,GRACEFULLY,Groceries,Sale,-12.52,y,
2/26/2019,2/28/2019,GRACEFULLY,Groceries,Sale,-33.74,y,
2/26/2019,2/28/2019,GRACEFULLY,Groceries,Sale,-44.33,y,
2/25/2019,2/27/2019,GRACEFULLY,Groceries,Sale,-15.65,y,
2/25/2019,2/27/2019,UNITED      0162440402432,Travel,Sale,-916.03,this is for ottawa,
2/25/2019,2/27/2019,GRACEFULLY,Groceries,Sale,-32.05,y,
2/24/2019,2/26/2019,SEE'S CANDY #62,Shopping,Sale,-29,y,
2/25/2019,2/26/2019,UBER   *,Travel,Sale,-26.87,y,
2/25/2019,2/26/2019,KLEIN'S DELI - F,Food & Drink,Sale,-21.63,y,
2/25/2019,2/25/2019,Payment Thank You - Web,,Payment,3500,,
2/25/2019,2/25/2019,TECK PAY,Travel,Sale,-99.8,y,
2/23/2019,2/24/2019,PATRICIA KERRIGAN,Health & Wellness,Sale,-55,y,
2/23/2019,2/24/2019,CVS/PHARMACY #09977,Health & Wellness,Sale,-10,y,
2/23/2019,2/24/2019,FLYWHEEL,Travel,Sale,-49.7,y,
2/22/2019,2/24/2019,UberBV,Travel,Sale,-31.19,y,
2/22/2019,2/24/2019,UberBV,Travel,Sale,-14.52,y,
2/22/2019,2/24/2019,RESIDENCE INN OTTAWA AIRP,Travel,Sale,-576.41,y,
2/23/2019,2/24/2019,SMART AND FINAL 453,Groceries,Sale,-259.43,,
2/22/2019,2/24/2019,OTTAWA TRANSBORDER DUTY,Shopping,Sale,-45.7,y,
2/22/2019,2/22/2019,UberBV,Travel,Sale,-13.71,y,
2/21/2019,2/22/2019,UberBV,Travel,Sale,-21.25,y,
2/21/2019,2/21/2019,UberBV,Travel,Sale,-13.45,y,
2/20/2019,2/21/2019,UberBV,Travel,Sale,-18.19,y,
2/19/2019,2/21/2019,UNITED      0162439442839,Travel,Sale,-456.6," this is for coned, but I changed the dates as carsten did the week",
2/19/2019,2/20/2019,UberBV,Travel,Sale,-13.6,y,
2/19/2019,2/20/2019,UberBV,Travel,Sale,-13.02,y,
2/19/2019,2/20/2019,KLEIN'S DELI - F,Food & Drink,Sale,-13.04,y,
2/19/2019,2/19/2019,Payment Thank You - Web,,Payment,3500,,
2/18/2019,2/19/2019,TST* NEW ENGLAND LOBSTER,Food & Drink,Sale,-92.07,y,
2/18/2019,2/19/2019,SQ *AIRPORT CAB,Travel,Sale,-58.4,y,
2/16/2019,2/18/2019,STARBUCKS STORE 09551,Food & Drink,Sale,-11.2,y,
2/16/2019,2/17/2019,C3 - SAISON,Food & Drink,Sale,-29.91,,
2/16/2019,2/17/2019,FAIRFIELD INN &amp; SUITES,Travel,Sale,-1045.68,y,
2/14/2019,2/17/2019,GREEK KITCHEN INC,Food & Drink,Sale,-47.75,y,
2/15/2019,2/17/2019,SQ *MEZHER ALBOHASSAN,Professional Services,Sale,-51,y,
2/14/2019,2/17/2019,GRACEFULLY,Groceries,Sale,-50.94,y,
2/15/2019,2/17/2019,UBER   *TRIP,Travel,Sale,-85.08,y,
2/13/2019,2/15/2019,GRACEFULLY,Groceries,Sale,-43.59,y,
2/13/2019,2/15/2019,GRACEFULLY,Groceries,Sale,-14.51,y,
2/12/2019,2/14/2019,GRACEFULLY,Groceries,Sale,-36.03,y,
2/12/2019,2/14/2019,GRACEFULLY,Groceries,Sale,-14.51,y,
2/11/2019,2/13/2019,GREEK KITCHEN INC,Food & Drink,Sale,-47.2,y,
2/11/2019,2/13/2019,GRACEFULLY,Groceries,Sale,-14.52,y,
2/11/2019,2/12/2019,KLEIN'S DELI - F,Food & Drink,Sale,-13.04,y,
2/10/2019,2/12/2019,SFOUNION STREET GASTRO,Food & Drink,Sale,-26.99,y,
2/10/2019,2/11/2019,SQ *AIRPORT CAB,Travel,Sale,-58.05,y,
2/10/2019,2/11/2019,SQ *UNITED TAXI SERVICE,Entertainment,Sale,-148.57,y,
2/10/2019,2/10/2019,PURCHASE INTEREST CHARGE,,Fee,-41.82,,
2/7/2019,2/10/2019,GRACEFULLY,Groceries,Sale,-35.57,y,
2/8/2019,2/10/2019,UBER   *TRIP,Travel,Sale,-82.42,y,
2/8/2019,2/10/2019,CREATIVE      04340014,Travel,Sale,-50.8,y,
2/7/2019,2/10/2019,GRACEFULLY,Groceries,Sale,-13.98,y,
2/9/2019,2/10/2019,C1 - DAILY,Food & Drink,Sale,-25.54,,
2/8/2019,2/10/2019,STARBUCKS TC83 EWR,Food & Drink,Sale,-23.46,y,
2/9/2019,2/10/2019,FAIRFIELD INN &amp; SUITES,Travel,Sale,-980.25,y,
2/6/2019,2/8/2019,OLYMPIC FLAME DINER,Food & Drink,Sale,-34.25,y,
2/6/2019,2/8/2019,GRACEFULLY,Groceries,Sale,-14.52,y,
2/5/2019,2/7/2019,GREEK KITCHEN INC,Food & Drink,Sale,-43.95,y,
2/5/2019,2/7/2019,GRACEFULLY,Groceries,Sale,-15.51,y,
2/4/2019,2/6/2019,GRACEFULLY,Groceries,Sale,-12.89,y,
2/5/2019,2/6/2019,UNITED      0162437131192,Travel,Sale,-749.6,y,
2/4/2019,2/6/2019,GREEK KITCHEN INC,Food & Drink,Sale,-42.85,y,
2/3/2019,2/5/2019,TAXI-NEWARK.COM 2,Travel,Sale,-101.5,y,
2/4/2019,2/5/2019,KLEIN'S DELI - F,Food & Drink,Sale,-16.92,y,
2/3/2019,2/4/2019,IMRAN TAXI SERVICE,Travel,Sale,-51.7,y,
2/2/2019,2/4/2019,TIMBERLAND #263,Shopping,Sale,-356.96,,
2/2/2019,2/3/2019,Payment Thank You - Web,,Payment,3000,,
2/1/2019,2/3/2019,THE GROVE-CHICAGO,Food & Drink,Sale,-22.69,y,
2/1/2019,2/3/2019,SQ *YELLOW CAB CO.,Travel,Sale,-49.1,y,
2/2/2019,2/3/2019,RESIDENCE INN SCHAUMBU,Travel,Sale,-730.25,y,
1/31/2019,2/3/2019,AJ GALLAGHER C60077930,Food & Drink,Sale,-16.21,y,
2/1/2019,2/3/2019,UBER   *,Travel,Sale,-31.46,y,
2/1/2019,2/1/2019,ANNUAL MEMBERSHIP FEE,,Fee,-450,,
2/1/2019,2/1/2019,UBER   *,Travel,Sale,-7.38,y,
1/31/2019,2/1/2019,DOORDASH*MOGA SUSHI,Food & Drink,Sale,-65.07,y,
1/30/2019,1/31/2019,ALL WAYS CATERING,Food & Drink,Sale,-12.77,y,
1/30/2019,1/31/2019,UBER   *TRIP,Travel,Sale,-7.52,y,
1/30/2019,1/31/2019,DOORDASH*ASIAN TOKYO,Food & Drink,Sale,-53.77,y,
1/28/2019,1/30/2019,UNITED      0162435973781,Travel,Sale,-795.56,y,
1/30/2019,1/30/2019,UBER   *TRIP,Travel,Sale,-7.35,y,
1/29/2019,1/30/2019,DOORDASH*ASIAN TOKYO,Food & Drink,Sale,-48.89,y,
1/29/2019,1/30/2019,KLEIN'S DELI - F,Food & Drink,Sale,-13.04,y,
1/28/2019,1/30/2019,CHI TAXI 1119,Travel,Sale,-76.7,y,
1/29/2019,1/30/2019,UBER   *TRIP,Travel,Sale,-8.49,y,
1/28/2019,1/29/2019,IMRAN TAXI SERVICE,Travel,Sale,-48.65,y,
1/27/2019,1/27/2019,Payment Thank You - Web,,Payment,2500,,
1/26/2019,1/27/2019,UBER   *TRIP,Travel,Return,12.99,y,
1/25/2019,1/27/2019,COUNTRY CAT AT PDX,Food & Drink,Sale,-19.25,y,
1/26/2019,1/27/2019,UBER   *TRIP,Travel,Sale,-12.99,y,
1/25/2019,1/27/2019,IMRAN TAXI SERVICE,Travel,Sale,-49.85,y,
1/25/2019,1/27/2019,UBER   *TRIP,Travel,Sale,-28.99,y,
1/26/2019,1/27/2019,PATRICIA KERRIGAN,Health & Wellness,Sale,-55,y,
1/25/2019,1/27/2019,HILTON HOTELS PORTLAND,Travel,Sale,-951.25,y,
1/23/2019,1/24/2019,UNITED      0162435125456,Travel,Sale,-123,y,
1/23/2019,1/24/2019,UNITED      0162435124470,Travel,Sale,-699.6,y,
1/20/2019,1/22/2019,LUC LAC VIET KITCHEN,Food & Drink,Sale,-13,y,
1/20/2019,1/21/2019,SQ *GOTHAM ENTERPRISES SF,Food & Drink,Sale,-3.32,,
1/21/2019,1/21/2019,IMRAN TAXI SERVICE,Travel,Sale,-50.4,y,
1/17/2019,1/20/2019,UNITED      0162434242929,Travel,Sale,-579.6,y,
1/17/2019,1/20/2019,GOLDEN GATE TOLL INVOI,Travel,Sale,-8,y,
1/17/2019,1/18/2019,CITY CITATIONS &amp; PERMITS,Bills & Utilities,Sale,-85,y,
1/14/2019,1/16/2019,UNITED      0162433791028,Travel,Sale,-418.6,y,
,,,,,,,
Sale,1/12/2019,1/13/2019,IMRAN TAXI SERVICE,-51.85,y,,
Sale,1/12/2019,1/13/2019,MAGNOLIA HOTEL HOUSTON,-944.26,y,,
Sale,1/12/2019,1/13/2019,RENTAL CAR TOLLS,-30,,,
Sale,1/11/2019,1/13/2019,UBER   *TRIP,-27.45,y,,
Sale,1/11/2019,1/13/2019,EATS MESQUITE II,-7.08,y,,
Sale,1/11/2019,1/13/2019,TST* CAFE EXPRESS - DOWNT,-6.4,y,,
Sale,1/10/2019,1/13/2019,MAGNOLIA HOUSTON CLUB,-52.47,y,,
Sale,1/10/2019,1/11/2019,MAYURI INDIAN RESTAURANT,-28.11,y,,
Sale,1/10/2019,1/11/2019,NESTLE TOLL HOUSE CAFE BY,-2.99,y,,
Sale,1/10/2019,1/11/2019,MAYURI INDIAN RESTAURANT,-11.36,y,,
Sale,1/10/2019,1/11/2019,TST* CAFE EXPRESS - DOWNT,-6.4,y,,
Fee,1/10/2019,1/10/2019,PURCHASE INTEREST CHARGE,-41.51,,,
Sale,1/9/2019,1/10/2019,TST* CAFE EXPRESS - DOWNT,-6.4,y,,
Sale,1/9/2019,1/10/2019,TST* CAFE EXPRESS - DOWNT,-15.83,y,,
Sale,1/9/2019,1/10/2019,XOCHI,-65.21,y,,
Sale,1/9/2019,1/10/2019,MAGNOLIA HOUSTON CLUB,-52.47,y,,
Sale,1/8/2019,1/9/2019,TST* CAFE EXPRESS - DOWNT,-15.83,y,,
Sale,1/8/2019,1/9/2019,TST* CAFE EXPRESS - DOWNT,-7.4,y,,
Sale,1/7/2019,1/9/2019,MAGNOLIA HOUSTON CLUB,-52.38,y,,
Sale,1/7/2019,1/8/2019,TST* CAFE EXPRESS - DOWNT,-15.83,y,,
Sale,1/7/2019,1/8/2019,UBER   *TRIP,-39.65,y,,
Sale,1/7/2019,1/8/2019,KLEIN'S DELI - E,-12.15,y,,
Sale,1/7/2019,1/8/2019,SFOUNION STREET GASTRO,-40.81,y,,
Sale,1/6/2019,1/8/2019,DOGPATCH BAKEHOUSE &amp; CAFE,-3.33,y,,
Sale,1/6/2019,1/7/2019,IMRAN TAXI SERVICE,-48.65,y,,
Sale,1/5/2019,1/6/2019,SQ *RESTAURANT BAY WATCH,-92.11,,,
Sale,12/31/2018,1/2/2019,HERTZ RENT-A-CAR,-23.19,y,,
Sale,12/31/2018,1/2/2019,SHELL OIL 57444476600,-35.43,y,,
Sale,12/31/2018,1/2/2019,SHELL OIL 57443864707,-40,,,
Sale,12/31/2018,1/2/2019,STARBUCKS STORE 24310,-19.7,y,,
Sale,12/31/2018,1/2/2019,SHELL OIL 12373022008,-31.38,,,
Payment,1/1/2019,1/1/2019,Payment Thank You - Web,2500,,,
Sale,12/31/2018,1/1/2019,MARRIOTTJW L.A.LIVE FD,-98,y,,
Sale,12/30/2018,1/1/2019,BISTRO D'ASIA,-125.65,y,,
Sale,12/30/2018,1/1/2019,USS MIDWAY MUSEUM,-90,y,,
Sale,12/30/2018,12/31/2018,USS MIDWAY MUSEUM,-77.97,,,
Sale,12/30/2018,12/31/2018,ROSCOES HOUSE OF CHICKEN,-64.82,,,
Sale,12/30/2018,12/31/2018,SQ *THE BRAZILIAN GUYS,-9.78,,,
Sale,12/30/2018,12/31/2018,ACE PARKING 0239,-20,,,
Sale,12/29/2018,12/31/2018,MARATHON SPORTS MAPLE,-127.01,,,
Sale,12/29/2018,12/31/2018,URBAN OUTFITTERS #1011,-147.35,,,
,,,,,,,
Sale,12/30/2018,12/31/2018,USS MIDWAY MUSEUM,-77.97,y,,
Sale,12/30/2018,12/31/2018,ROSCOES HOUSE OF CHICKEN,-64.82,y,,
Sale,12/30/2018,12/31/2018,SQ *THE BRAZILIAN GUYS,-9.78,y,,
Sale,12/30/2018,12/31/2018,ACE PARKING 0239,-20,y,,
Sale,12/29/2018,12/31/2018,MARATHON SPORTS MAPLE,-127.01,y,,
Sale,12/29/2018,12/31/2018,URBAN OUTFITTERS #1011,-147.35,y,,
Sale,12/29/2018,12/30/2018,SQ *HERO SHOP INC.,-35.89,y,,
Sale,12/29/2018,12/30/2018,NORDSTROM RACK #163,-44.83,y,,
Sale,12/29/2018,12/30/2018,ROCKN FISH 2 LLC,-165.56,y,,
Sale,12/28/2018,12/30/2018,COALINGA MART,-15.28,y,,
Sale,12/28/2018,12/30/2018,DENNY'S INC 1800733669,-47.87,y,,
Sale,12/27/2018,12/30/2018,UNITED      0162431289000,-558.4,y,,
Sale,12/21/2018,12/24/2018,LAKE CHABOT G.C.,-19,y,,
Payment,12/23/2018,12/23/2018,Payment Thank You - Web,3000,,,
Sale,12/21/2018,12/23/2018,SAFEWAY #639,-63.49,,,
Sale,12/20/2018,12/23/2018,LAKE CHABOT G.C.,-27,y,,
Sale,12/21/2018,12/21/2018,SAN BRUNO IHAW IHAW INC,-67.55,y,,
Sale,12/21/2018,12/21/2018,ELIO'S FAMILY RESTAURANT,-38.41,y,,
Sale,12/19/2018,12/21/2018,SAFEWAY #639,-59.9,y,,
Sale,12/19/2018,12/20/2018,CHEVRON 0092038,-44.85,,,
Sale,12/19/2018,12/20/2018,LOSANGELESPASADENAOLDT,-185.16,y,,
Sale,12/19/2018,12/19/2018,UBER   *TRIP,-24.62,y,,
Sale,12/19/2018,12/19/2018,CHUTNEY,-10.39,y,,
Sale,12/19/2018,12/19/2018,IMRAN TAXI SERVICE,-49.5,y,,
Sale,12/17/2018,12/19/2018,MISSION BAR AND GRILL,-29.63,y,,
Sale,12/17/2018,12/19/2018,TAXI SVC LOS ANGELES,-57.3,y,,
Sale,12/18/2018,12/18/2018,CHUTNEY,-11.95,y,,
Sale,12/17/2018,12/18/2018,IMRAN TAXI SERVICE,-50.25,y,,
Payment,12/16/2018,12/17/2018,Payment Thank You - Web,1000,y,,
Sale,12/15/2018,12/17/2018,TOTAL WINE AND MORE 1128,-65.38,y,,
Sale,12/15/2018,12/17/2018,BJS RESTAURANTS 443,-31.74,y,,
Adjustment,12/15/2018,12/16/2018,TRAVEL CREDIT $300/YEAR,250.25,y,,
Sale,12/15/2018,12/16/2018,SPRINGHILL SUITES EL P,-777.87,y,,
Sale,12/15/2018,12/16/2018,IMRAN TAXI SERVICE,-49.75,y,,
Adjustment,12/15/2018,12/16/2018,TRAVEL CREDIT $300/YEAR,49.75,y,,
Sale,12/14/2018,12/16/2018,CLASICO KITCHEN BAR,-15.45,y,,
Sale,12/14/2018,12/16/2018,FAMOUS DAVES WEST,-16.63,y,,
Sale,12/14/2018,12/16/2018,CIRCLE K 06126,-16.85,y,,
Sale,12/14/2018,12/16/2018,HERTZ RENT-A-CAR,-293.61,y,,
Sale,12/13/2018,12/14/2018,CHIPOTLE 3181,-9.74,y,,
Sale,12/12/2018,12/13/2018,WAL-MART #5717,-39.86,y,,
Sale,12/12/2018,12/13/2018,CHIPOTLE 3181,-12.29,y,,
Sale,12/12/2018,12/13/2018,WAL-MART #1015,-3.97,y,,
Sale,12/11/2018,12/12/2018,CHIPOTLE 3181,-12.29,y,,
Sale,12/10/2018,12/11/2018,KLEIN'S DELI - F,-50.47,y,,
Sale,12/10/2018,12/11/2018,WAL-MART #1015,-12.35,y,,
Sale,12/10/2018,12/11/2018,CHIPOTLE 3181,-12.29,y,,
Sale,12/9/2018,12/10/2018,IMRAN TAXI SERVICE,-50.85,y,,
Sale,12/8/2018,12/9/2018,STACKS,-49.24,y,,
Sale,12/8/2018,12/9/2018,SPRINGHILL SUITES EL P,-777.87,y,,
Sale,12/8/2018,12/9/2018,IMRAN TAXI SERVICE,-51.45,y,,
Sale,12/7/2018,12/9/2018,PGA ELP,-26.04,y,,
Sale,12/7/2018,12/9/2018,HERTZ RENT-A-CAR,-293.61,y,,
Sale,12/7/2018,12/9/2018,CIRCLE K 06126,-16.52,y,,
Sale,12/6/2018,12/7/2018,WAL-MART #1015,-9.24,y,,
Sale,12/6/2018,12/7/2018,CHIPOTLE 3181,-12.29,y,,
Sale,12/5/2018,12/6/2018,WAL-MART #4366,-9.54,y,,
Sale,12/5/2018,12/6/2018,CHIPOTLE 3181,-12.29,y,,
Sale,12/5/2018,12/6/2018,CHILI'S EL PASO I,-27.93,y,,
Sale,12/4/2018,12/6/2018,UNITED      0162428662151,-217.4,y,,
Sale,12/4/2018,12/5/2018,CHIPOTLE 3181,-12.29,y,,
Sale,12/3/2018,12/4/2018,CHIPOTLE 3181,-12.02,y,,
Sale,12/3/2018,12/4/2018,SAN FRANCISCO GIANTS CLU,-36.67,y,,
Sale,12/3/2018,12/4/2018,FAMOUS DAVES WEST,-20.84,y,,
Sale,12/2/2018,12/3/2018,IMRAN TAXI SERVICE,-51.65,y,,
Sale,12/1/2018,12/2/2018,MAGNOLIA HOTEL HOUSTON,-934.31,y,,
Payment,12/1/2018,12/2/2018,Payment Thank You - Web,4500,y,,
Sale,12/1/2018,12/2/2018,IMRAN TAXI SERVICE,-51.1,y,,
Sale,11/30/2018,12/2/2018,THE LOCAL C IAH,-25.46,y,,
Sale,11/30/2018,12/2/2018,MAGNOLIA HOUSTON CLUB,-12.83,y,,
Sale,11/29/2018,12/2/2018,MAGNOLIA HOUSTON CLUB,-51.47,y,,
Sale,11/29/2018,12/2/2018,MAGNOLIA HOUSTON CLUB,-12.83,y,,
,,,,,,,
,,,,,,,
Sale,11/28/2018,11/30/2018,MAGNOLIA HOUSTON CLUB,-12.83,y,,
Sale,11/28/2018,11/30/2018,THE BLUE FISH BAYOU PLACE,-54.79,y,,
Sale,11/28/2018,11/29/2018,BARNABYS CAFE - CONGRE,-77.82,y,,
Sale,11/27/2018,11/29/2018,MAGNOLIA HOUSTON CLUB,-13.83,y,,
Sale,11/28/2018,11/28/2018,UBER   *TRIP YM34A,-6.1,y,,
Sale,11/28/2018,11/28/2018,UBER   *TRIP YM34A,-2,y,,
Sale,11/27/2018,11/28/2018,GROTTO GRB HOUSTON,-47.63,y,,
Sale,11/27/2018,11/28/2018,TST* CAFE EXPRESS - DOWNT,-35.56,y,,
Sale,11/26/2018,11/28/2018,MAGNOLIA HOUSTON CLUB,-43.89,y,,
Sale,11/26/2018,11/28/2018,MAGNOLIA HOUSTON CLUB,-12.83,y,,
Sale,11/26/2018,11/27/2018,FOSTER CITY PED MEDICAL,-5.78,y,,
Sale,11/26/2018,11/27/2018,CHIPOTLE 0347,-12.02,y,,
Sale,11/26/2018,11/27/2018,SAN FRANCISCO GIANTS CLU,-30.35,y,,
Sale,11/26/2018,11/26/2018,UBER   *TRIP 3FQ5A,-28.44,y,,
Sale,11/25/2018,11/26/2018,IMRAN TAXI SERVICE,-48.9,y,,
Sale,11/25/2018,11/26/2018,UNITED      0162427239268,-32.83,y,,
Sale,11/24/2018,11/26/2018,THE FISH MARKET SM,-190.07,y,,
Sale,11/22/2018,11/23/2018,LOSANGELESPASADENAOLDT,-757.38,y,,
Sale,11/21/2018,11/23/2018,LAX SINCLAIR,-14.36,y,,
Sale,11/21/2018,11/23/2018,HERTZ RENT-A-CAR,-249.84,y,,
Sale,11/22/2018,11/22/2018,IMRAN TAXI SERVICE,-49.55,y,,
Sale,11/21/2018,11/22/2018,SQ *FATHER NATURE BISTRO,-39.69,y,,
Sale,11/20/2018,11/22/2018,UNITED      0162426735045,-550.6,y,,
Sale,11/20/2018,11/21/2018,UNITED      0162426688341,-607.6,y,,
Sale,11/20/2018,11/21/2018,SQ *FATHER NATURE BISTRO,-35.59,y,,
Sale,11/19/2018,11/21/2018,SUBWAY        03439023,-18.47,y,,
Sale,11/19/2018,11/20/2018,KLEIN'S DELI - E,-13.04,y,,
Sale,11/19/2018,11/19/2018,IMRAN TAXI SERVICE,-49,y,,
,,,,,,,
Sale,11/17/2018,11/18/2018,IMRAN TAXI SERVICE,-50.05,y,,
Sale,11/17/2018,11/18/2018,SQ *LA MORDIDA HILLSDALE,-32.65,y,,
Sale,11/17/2018,11/18/2018,MAGNOLIA HOTEL HOUSTON,-1480.7,y,,
Sale,11/16/2018,11/18/2018,UBER   *TRIP VJNRY,-29.22,y,,
Sale,11/16/2018,11/18/2018,UNITED      0162426133442,-191.4,y,,
Sale,11/16/2018,11/18/2018,THE LOCAL C IAH,-24.8,y,,
Sale,11/15/2018,11/18/2018,MAGNOLIA HOUSTON CLUB,-12.83,y,,
Sale,11/15/2018,11/18/2018,MAGNOLIA HOUSTON CLUB,-50.3,y,,
Sale,11/15/2018,11/16/2018,CHIPOTLE 0347,-13.37,y,,
Sale,11/14/2018,11/16/2018,MAGNOLIA HOUSTON CLUB,-12.83,y,,
Payment,11/15/2018,11/15/2018,Payment Thank You - Web,1500,y,,
Sale,11/14/2018,11/15/2018,CHIPOTLE 0347,-9.63,y,,
Sale,11/13/2018,11/14/2018,MAGNOLIA HOUSTON CLUB,-12.83,y,,
Sale,11/13/2018,11/14/2018,CHIPOTLE 0347,-12.02,y,,
Sale,11/13/2018,11/14/2018,MAGNOLIA HOUSTON CLUB,-54.55,y,,
Sale,11/12/2018,11/14/2018,KIRBERG MOTORS INC,-704.41,y,,
Sale,11/12/2018,11/14/2018,UNITED      0162425609508,-640.4,y,,
Sale,11/12/2018,11/14/2018,MAGNOLIA HOUSTON CLUB,-49.38,y,,
Sale,11/12/2018,11/14/2018,MAGNOLIA HOUSTON CLUB,-16.07,y,,
Sale,11/12/2018,11/13/2018,UBER   *TRIP 4MRX6,-38.35,y,,
Sale,11/12/2018,11/13/2018,CHIPOTLE 0347,-10.99,y,,
Sale,11/12/2018,11/13/2018,KLEIN'S DELI - F,-16.64,y,,
Sale,11/11/2018,11/12/2018,IMRAN TAXI SERVICE,-48.6,y,,
Sale,11/10/2018,11/12/2018,IHOP #1719,-33.82,y,,
Sale,11/10/2018,11/12/2018,SEAFOOD CITY SUPERM,-49.62,y,,
Sale,11/10/2018,11/11/2018,IMRAN TAXI SERVICE,-48.75,y,,
Sale,11/10/2018,11/11/2018,SUGANDH INDIAN RESTAURANT,-66.22,y,,
Sale,11/10/2018,11/11/2018,PATRICIA KERRIGAN,-55,y,,
Sale,11/10/2018,11/11/2018,COURTYARD BY MARRIOTT,-1239.49,y,,
Sale,11/10/2018,11/11/2018,UBER   *TRIP P6PN4,-8.3,y,,
Sale,11/9/2018,11/11/2018,SQ *WAGSY?S BREAKFAST SHA,-5,y,,
Sale,11/9/2018,11/11/2018,COUNTRY CAT AT PDX,-14.5,y,,
Sale,11/8/2018,11/11/2018,KILLER BURGER DOWNTOWN,-15,y,,
Sale,11/8/2018,11/9/2018,SQ *WAGSY?S BREAKFAST SHA,-7,y,,
Sale,11/7/2018,11/9/2018,MOONLIGHT MEDITERRANEAN,-18.98,y,,
Sale,11/7/2018,11/9/2018,MOTHERS BISTRO &amp; BAR,-13.5,y,,
Sale,11/6/2018,11/7/2018,PORTLAND BURGER,-20.56,y,,
Sale,11/6/2018,11/7/2018,UBER   *TRIP OCL3A,-8.87,y,,
Sale,11/6/2018,11/7/2018,MOTHERS BISTRO &amp; BAR,-14.5,y,,
Sale,11/6/2018,11/7/2018,UBER   *TRIP KF2SB,-8.32,y,,
Sale,11/5/2018,11/7/2018,THE ORIGINAL COURTYARD,-18.5,y,,
Sale,11/5/2018,11/7/2018,MEDITERRANEAN FOODS,-17.49,,,
Sale,11/5/2018,11/6/2018,KLEIN'S DELI - E,-13.04,y,,
Sale,11/4/2018,11/6/2018,81 HENRYS 12TH ST  TAVERN,-17.95,y,,
Sale,11/5/2018,11/5/2018,IMRAN TAXI SERVICE,-51.15,y,,
Payment,11/3/2018,11/4/2018,Payment Thank You - Web,800,y,,
Sale,11/3/2018,11/4/2018,UNITED      0162424299181,-269.4,y,,
Sale,11/3/2018,11/4/2018,RAINBOW PIZZA,-50.57,y,,
Sale,11/2/2018,11/4/2018,SAFEWAY #639,-46.54,,,
,,,,,,,
Payment,11/2/2018,11/2/2018,Payment Thank You - Web,2000,y,,
Sale,10/30/2018,11/1/2018,UNITED      0162423772210,#NAME?,y,,
Sale,10/30/2018,11/1/2018,STARBUCKS STORE 05570,-4.9,y,,
Sale,10/30/2018,10/31/2018,UBER   *TRIP HWPWN,-9.58,y,,
Sale,10/30/2018,10/31/2018,AUTOBAHN MOTORS,-205.88,y,,
Sale,10/26/2018,10/28/2018,NEW ENGLAND LOBSTER MARK,-54.49,y,,
Sale,10/20/2018,10/22/2018,NEW ENGLAND LOBSTER MARK,-85.38,y,,
Sale,10/20/2018,10/21/2018,HOBEE'S #4,-36.68,y,,
Sale,10/18/2018,10/21/2018,SAFEWAY #639,-66.41,y,,
Sale,10/18/2018,10/19/2018,CHEVRON 0092038,-70.94,,,
Payment,10/17/2018,10/17/2018,Payment Thank You - Web,1000,y,,
Sale,10/13/2018,10/15/2018,LEE'S SANDWICHES,-20.09,y,,
Sale,10/13/2018,10/14/2018,IMRAN TAXI SERVICE,-51.85,y,,
Sale,10/13/2018,10/14/2018,CHEVRON 0092038,-9.83,,,
Sale,10/12/2018,10/14/2018,DELTA BY MARRIOTT RICH,-1093.34,y,,
Sale,10/12/2018,10/14/2018,HUDSON ST1417,-9.83,y,,
Sale,10/12/2018,10/14/2018,HERTZ RENT-A-CAR,-265.83,y,,
Sale,10/12/2018,10/14/2018,DELTA BY MARRIOTT RICH,-63.2,y,,
Sale,10/12/2018,10/14/2018,WOODY CREEK BAKERY &amp; C,-27.89,y,,
Sale,10/11/2018,10/14/2018,DELTA BY MARRIOTT RICH,-47.61,y,,
Sale,10/11/2018,10/12/2018,QUIZNOS SUB #825,-16.91,y,,
Sale,10/10/2018,10/12/2018,DELTA BY MARRIOTT RICH,-58.77,y,,
Sale,10/9/2018,10/11/2018,DELTA BY MARRIOTT RICH,-66.4,y,,
Sale,10/8/2018,10/10/2018,LANIER PARKING 21044900,-21,y,,
Sale,10/8/2018,10/9/2018,KLEIN'S DELI - E,-8.6,y,,
Sale,10/7/2018,10/9/2018,SFOUNION STREET GASTRO,-22.26,y,,
Sale,10/6/2018,10/9/2018,LAKE CHABOT G.C.,-35,y,,
Sale,10/7/2018,10/8/2018,IMRAN TAXI SERVICE,-51.85,y,,
Sale,10/6/2018,10/8/2018,LEE'S SANDWICHES,-25.09,y,,
Sale,10/4/2018,10/7/2018,UNITED      0162420092808,-216.4,y,,
Payment,10/4/2018,10/4/2018,Payment Thank You - Web,4500,y,,
Sale,9/29/2018,10/2/2018,LAKE CHABOT G.C.,-52,y,,
Payment,9/29/2018,9/30/2018,Payment Thank You - Web,2000,y,,
,,,,,,,
Sale,9/27/2018,9/28/2018,FAIRFIELD INN &amp; SUITES,-277.67,y,,
Sale,9/26/2018,9/28/2018,CAPERS MARKET,-17.45,y,,
Sale,9/26/2018,9/27/2018,KLEIN'S DELI - F,-15.53,y,,
Sale,9/26/2018,9/27/2018,UBER   *TRIP 5RAMV,-42.92,y,,
Sale,9/26/2018,9/27/2018,SQ *SAN FRANCISCO TAXI,-49.45,y,,
Sale,9/25/2018,9/27/2018,UNITED      0162418743269,-606.4,y,,
Sale,9/26/2018,9/26/2018,UBER   *TRIP UOACY,-21.96,y,,
Sale,9/26/2018,9/26/2018,UBER   *TRIP IZ2XK,-30.79,y,,
Sale,9/25/2018,9/26/2018,UBER   *TRIP GQD3P,-27.57,y,,
Sale,9/22/2018,9/26/2018,LAKE CHABOT G.C.,-52,y,,
Payment,9/23/2018,9/23/2018,Payment Thank You - Web,500,y,,
Sale,9/22/2018,9/23/2018,IMRAN TAXI SERVICE,-49.9,y,,
Sale,9/22/2018,9/23/2018,MARRIOTT GRAND CHATEAU,-780.06,y,,
Sale,9/21/2018,9/23/2018,CHEVRON 0206965,-14.58,y,,
Sale,9/21/2018,9/23/2018,TAXI SVC LAS VEGAS,-20.76,y,,
Sale,9/21/2018,9/23/2018,HUDSONNEWS  ST955,-5.79,y,,
Sale,9/21/2018,9/23/2018,HERTZ RENT-A-CAR,-266.11,y,,
Sale,9/21/2018,9/23/2018,HUDSON ST1374,-4.86,y,,
Sale,9/21/2018,9/23/2018,CHICKEN NOW @ LAS VEGAS O,-17.08,y,,
Sale,9/20/2018,9/23/2018,MR. MAMAS BREAKFAST &amp; LUN,-57.31,y,,
Sale,9/20/2018,9/21/2018,SQ *OCEAN ONE GRILLE,-77.8,y,,
Sale,9/19/2018,9/21/2018,MARRIOTT POS GRND CHAT,-50.57,y,,
Sale,9/18/2018,9/20/2018,MARRIOTT POS GRND CHAT,-55.9,y,,
Sale,9/18/2018,9/19/2018,WHOLEFDS LVB 10286,-31.09,y,,
Sale,9/17/2018,9/19/2018,MARRIOTT POS GRND CHAT,-54.82,y,,
Sale,9/17/2018,9/19/2018,KLEIN'S DELI - E,-15.53,y,,
Sale,9/17/2018,9/19/2018,MARRIOTT POS GRND CHAT,-9.02,y,,
Sale,9/17/2018,9/18/2018,SOHO JAPANESE RESTAURANT,-31.15,y,,
Sale,9/17/2018,9/17/2018,IMRAN TAXI SERVICE,-50.1,y,,
Sale,9/15/2018,9/17/2018,POPPY RIDGE GOLF COURSE,-97,y,,
Sale,9/15/2018,9/16/2018,CHEVRON 0092038,-65.04,,,
Sale,9/11/2018,9/13/2018,76 - CRYSTAL SPRINGS,-37.38,y,,
Sale,9/11/2018,9/13/2018,UNITED      0162924524095,-200,y,,
Sale,9/11/2018,9/12/2018,PATRICIA KERRIGAN,-55,y,,
Sale,9/10/2018,9/12/2018,CRYSTAL SPRINGS GOLF COUR,-12,y,,
Sale,9/8/2018,9/11/2018,LAKE CHABOT G.C.,-52,y,,
Sale,9/8/2018,9/10/2018,LEE'S SANDWICHES,-23.5,y,,
Sale,9/7/2018,9/10/2018,SUNNYVALE GOLF COURSE,-28,y,,
Payment,9/4/2018,9/4/2018,Payment Thank You - Web,750,y,,
Sale,9/2/2018,9/3/2018,TST* PANTRY FAMILY RESTAR,-37.17,y,,
Sale,9/1/2018,9/3/2018,UNITED      0162415277027,-432.4,y,,
,,,,,,,
,,,,,,,
Sale,9/1/2018,9/2/2018,SPRINGHILL SUITES DOWN,-872.3,y,,
Sale,9/1/2018,9/2/2018,IMRAN TAXI SERVICE,-49.5,y,,
Sale,9/1/2018,9/2/2018,SPRINGHILL SUITES DOWN,-87.4,y,,
Sale,9/1/2018,9/2/2018,CHAVEZ SUPERMARKET,-52.08,y,,
Sale,8/31/2018,9/2/2018,SUBWAY        03125192,-9.44,y,,
Sale,8/31/2018,9/2/2018,HERTZ RENT-A-CAR,-202.97,y,,
Sale,8/31/2018,9/2/2018,SQ *RUNWAY 901 BAR &amp; GRIL,-18.47,y,,
Sale,8/31/2018,9/2/2018,MOES SWEST GRILL MEM,-19.97,y,,
Sale,8/31/2018,9/2/2018,EXXONMOBIL    47899703,-5.66,y,,
Sale,8/30/2018,9/2/2018,BLUES CITY CAFE,-29.41,y,,
Sale,8/30/2018,9/2/2018,TGI FRIDAYS 1938,-50.75,y,,
Sale,8/29/2018,8/31/2018,UNITED      0162414820524,-971.6,y,,
Sale,8/29/2018,8/30/2018,FLYING FISH,-20.93,y,,
Sale,8/28/2018,8/30/2018,HUEY'S DOWNTOWN,-24.96,y,,
Payment,8/29/2018,8/29/2018,Payment Thank You - Web,2800,y,,
Sale,8/28/2018,8/29/2018,BARDOG TAVERN,-36.58,y,,
Sale,8/27/2018,8/29/2018,GORDON BIERSCH SFO,-20.88,y,,
Sale,8/27/2018,8/28/2018,IMRAN TAXI SERVICE,-48.15,y,,
Sale,8/27/2018,8/28/2018,CVS/PHARMACY #09977,-53.97,y,,
Sale,8/25/2018,8/28/2018,LAKE CHABOT G.C.,-52,y,,
Sale,8/26/2018,8/27/2018,CVS/PHARMACY #09977,-16.88,y,,
Sale,8/25/2018,8/27/2018,LEE'S SANDWICHES,-21.04,y,,
Sale,8/24/2018,8/26/2018,SPRINGHILL SUITES DOWN,-817.26,y,,
Sale,8/24/2018,8/26/2018,SPRINGHILL SUITES DOWN,-87.4,y,,
Sale,8/24/2018,8/26/2018,IMRAN TAXI SERVICE,-48.7,y,,
Sale,8/23/2018,8/26/2018,SUBWAY        03125192,-9.06,y,,
Sale,8/23/2018,8/26/2018,HERTZ RENT-A-CAR,-202.97,y,,
Sale,8/23/2018,8/26/2018,EXXONMOBIL    47899703,-6.29,y,,
Sale,8/23/2018,8/24/2018,BARDOG TAVERN,-46.39,y,,
Sale,8/23/2018,8/24/2018,JIM NEELY'S INTERS,-27.22,y,,
Sale,8/22/2018,8/24/2018,BLUES CITY CAFE,-27.96,y,,
,,,,,,,
Sale,8/21/2018,8/23/2018,KOOKY CANUCK,-28.34,y,,
Sale,8/21/2018,8/22/2018,FLIGHT RESTAURANT AND W,-72.09,y,,
Sale,8/21/2018,8/22/2018,BARDOG TAVERN,-36.65,y,,
Sale,8/20/2018,8/22/2018,Peabody Garage,-9,y,,
Sale,8/20/2018,8/21/2018,FLYING FISH,-18.29,y,,
Sale,8/20/2018,8/21/2018,KLEIN'S DELI - F,-16.53,y,,
Sale,8/19/2018,8/20/2018,IMRAN TAXI SERVICE,-49.35,y,,
Sale,8/18/2018,8/19/2018,IMRAN TAXI SERVICE,-48.55,y,,
Sale,8/17/2018,8/19/2018,HERTZ RENT-A-CAR,-409.06,y,,
Sale,8/17/2018,8/19/2018,RED ROBIN NO 62,-25.56,y,,
Sale,8/17/2018,8/19/2018,ELWAYS,-28.11,y,,
Sale,8/17/2018,8/19/2018,CONOCO - UNITED PACIFIC 6,-42.98,y,,
Sale,8/16/2018,8/19/2018,SAFEWAY #1792,-28.61,y,,
Sale,8/16/2018,8/17/2018,CHILI'S POWERS,-21.13,y,,
Sale,8/15/2018,8/17/2018,RADISSON HOTELS CO SP F/,-55.47,y,,
Payment,8/15/2018,8/16/2018,Payment Thank You - Web,2500,y,,
Sale,8/14/2018,8/16/2018,TUCANOS BRAZILIAN GRIL,-52.36,y,,
Sale,8/14/2018,8/16/2018,SAFEWAY #1792,-26.95,y,,
Sale,8/13/2018,8/15/2018,SAFEWAY #1792,-31.08,y,,
Sale,8/13/2018,8/14/2018,KLEIN'S DELI - F,-19.14,y,,
Sale,8/13/2018,8/14/2018,MIMIS CAFE 83,-18.67,y,,
Sale,8/12/2018,8/14/2018,SAFEWAY #1792,-39.41,y,,
Sale,8/11/2018,8/14/2018,LAKE CHABOT G.C.,-52,y,,
Sale,8/12/2018,8/13/2018,IMRAN TAXI SERVICE,-49.55,y,,
Sale,8/12/2018,8/13/2018,RTI* Radisson Hotel Color,-1593.6,y,,
Payment,8/11/2018,8/12/2018,Payment Thank You - Web,300,y,,
,,,,,,,
Sale,8/8/2018,8/10/2018,UNITED      0162411833456,-652.1,y,,
Sale,8/8/2018,8/10/2018,UNITED      0162411828436,-652.1,y,,
Sale,8/8/2018,8/9/2018,CHEVRON 0092038,-30,y,,
Sale,8/6/2018,8/8/2018,SHELL OIL 57444677702,-37.31,,,
Sale,8/5/2018,8/7/2018,LAKE CHABOT G.C.,-52,y,,
Sale,8/4/2018,8/5/2018,IMRAN TAXI SERVICE,-49.75,y,,
Sale,8/4/2018,8/5/2018,SPRINGHILL SUITES SO C,-227.23,y,,
Sale,8/3/2018,8/5/2018,AVIATOR'S BBQ,-26.76,y,,
Sale,8/3/2018,8/5/2018,SPRINGHILL SUITES SO C,-760.07,y,,
Sale,8/3/2018,8/5/2018,CORNER STORE 4051,-33.8,y,,
Sale,8/3/2018,8/5/2018,HERTZ RENT-A-CAR,-409.06,y,,
Sale,8/2/2018,8/5/2018,TUCANOS BRAZILIAN GRIL,-21.62,y,,
Sale,8/2/2018,8/5/2018,SAFEWAY #1792,-25.94,y,,
Sale,8/2/2018,8/3/2018,RED ROBIN NO 62,-17.64,y,,
Sale,8/1/2018,8/3/2018,THE AIRPLANE RESTAURANT,-41.41,y,,
Sale,8/1/2018,8/2/2018,CHILI'S POWERS,-91.04,y,,
Sale,7/31/2018,8/2/2018,SAFEWAY #1792,-40.31,y,,
Sale,7/30/2018,8/1/2018,SAFEWAY #1792,-22.26,y,,
Sale,7/30/2018,8/1/2018,SAFEWAY #1792,-5.4,y,,
Sale,7/30/2018,7/31/2018,SAN FRANCISCO GIANTS CLU,-24.02,y,,
Sale,7/29/2018,7/31/2018,SAFEWAY #1792,-36.26,y,,
Sale,7/28/2018,7/31/2018,LAKE CHABOT G.C.,-52,y,,
Sale,7/29/2018,7/30/2018,IMRAN TAXI SERVICE,-48.45,y,,
Sale,7/27/2018,7/29/2018,UNITED      0162409998202,-329.4,y,,
Payment,7/27/2018,7/27/2018,Payment Thank You - Web,350,y,,
Return,7/24/2018,7/26/2018,UNITED      0162409345017,1494.4,y,,
Sale,7/23/2018,7/25/2018,UNITED      0162409345017,-1494.4,y,,
Sale,7/23/2018,7/25/2018,UNITED      0162409353970,-520.4,y,,
Sale,7/21/2018,7/24/2018,LAKE CHABOT G.C.,-52,y,,
Sale,7/22/2018,7/23/2018,SQ *LILY?S CREPERIE,-15.92,y,,
Sale,7/21/2018,7/22/2018,ELIO'S FAMILY RESTAURANT,-36.55,y,,
Sale,7/20/2018,7/22/2018,PATRICIA KERRIGAN,-60,y,,
Return,7/20/2018,7/22/2018,All Eyes On You Opto,25,y,,
Sale,7/19/2018,7/22/2018,HERTZ DE ESPANA SA,-46.96,y???,,
Sale,7/19/2018,7/20/2018,All Eyes On You Opto,-524.2,y,,
Sale,7/14/2018,7/17/2018,LAKE CHABOT G.C.,-52,y,,
Payment,7/16/2018,7/16/2018,Payment Thank You - Web,736.06,y,,
Sale,7/15/2018,7/16/2018,76 - CRYSTAL SPRINGS,-37.65,,,
Sale,7/12/2018,7/13/2018,CHEVRON 0092038,-39.55,,,
Sale,7/12/2018,7/13/2018,RAINBOW PIZZA,-65.56,y,,
Sale,7/11/2018,7/12/2018,CHEVRON 0092038,-50,y,,
Sale,7/8/2018,7/10/2018,LAKE CHABOT G.C.,-52,y,,
Sale,7/7/2018,7/10/2018,LAKE CHABOT G.C.,-52,y,,
Sale,7/4/2018,7/6/2018,OLD TOWN RAMEN,-57.3,y,,
Sale,7/3/2018,7/5/2018,CRYSTAL SPRINGS GOLF COUR,-55,y,,
Sale,6/30/2018,7/3/2018,BARRELL 19 BISTRO,-50.8,y,,
Sale,6/30/2018,7/3/2018,SUNNYVALE GOLF COURSE,-52,y,,
Payment,6/30/2018,7/1/2018,Payment Thank You - Web,1485.79,y,,
Sale,6/28/2018,7/1/2018,THE FISH MARKET SM,-130.37,y,,
Sale,6/27/2018,6/29/2018,THE HOME DEPOT 632,-22.55,y,,
Sale,6/24/2018,6/26/2018,THE GOLF CLUB AT MOFFETT,-50,,,
Sale,6/22/2018,6/26/2018,HERTZ DE ESPANA SA,-58.93,???,,
Sale,6/24/2018,6/25/2018,CHIBOG,-31.43,,,
,,,,,,,
Payment,6/22/2018,6/22/2018,Payment Thank You - Web,3500,,,
Sale,6/19/2018,6/20/2018,BAR RTE.LA CONC,-59.74,y,,
Sale,6/19/2018,6/20/2018,ARTESANIA BALBINO,-75.7,y,,
Sale,6/19/2018,6/20/2018,DEPORTES TWINER,-73.37,y,,
Sale,6/19/2018,6/20/2018,E.S. VDMTE SEGOVIA ENTRAD,-66.74,y,,
Sale,6/19/2018,6/20/2018,CASARES ACUEDUCTO,-117.16,y,,
Sale,6/19/2018,6/20/2018,LA CASITA DEL SEGOVIANO,-23.29,y,,
Sale,6/19/2018,6/20/2018,CATEDRAL DE SEGOVIA,-13.97,y,,
Sale,6/19/2018,6/20/2018,LA CASITA DEL SEGOVIANO,-21.54,,,
Sale,6/18/2018,6/19/2018,E.S. POLEAR,-29.7,y,,
Sale,6/18/2018,6/19/2018,LEKUNE PINTXO,-60.8,y,,
Sale,6/18/2018,6/19/2018,E.S. POLEAR,-12.21,y,,
Sale,6/17/2018,6/18/2018,RESTAURANTE LOS PESCADORE,-24.19,y,,
Sale,6/16/2018,6/18/2018,RESTAURANTE NUEVA ALEGRIA,-13.77,y,,
Sale,6/16/2018,6/17/2018,CAFE 5MENTARIO,-13.72,y,,
Sale,6/16/2018,6/17/2018,NUEVA ALEGRIA,-12.79,,,
Sale,6/15/2018,6/17/2018,NUEVA ALEGRIA,-195.7,y,,
Sale,6/15/2018,6/17/2018,GOLF CENTER NOVOSANCTIPET,-27.91,y,,
Sale,5/18/2018,6/17/2018,HERTZ RENT A CAR,-272.11,y ,,
Sale,6/14/2018,6/15/2018,COVIRAN,-15.88,y,,
Sale,6/13/2018,6/14/2018,CARIMA Q ARTE,-81.43,y,,
Sale,6/12/2018,6/13/2018,HERMANOS ALBA,-163.4,y,,
Sale,6/12/2018,6/13/2018,BAR CAFETERIA ZAPATA,-32.36,y,,
Sale,6/11/2018,6/12/2018,DIALPRIX ORIHUELA,-27.46,,,
Fee,6/10/2018,6/10/2018,PURCHASE INTEREST CHARGE,-200.73,y,,
Sale,6/8/2018,6/10/2018,CARNICERIA JESULI,-61.05,y,,
Sale,6/8/2018,6/10/2018,CEDIPSA E.S. GUDACORTE I,-62.07,y,,
Sale,6/8/2018,6/10/2018,EL RINCON DE PULPO,-79.73,y,,
Sale,6/8/2018,6/10/2018,RESTAURANTE LA VENUS,-133.71,,,
Sale,6/6/2018,6/7/2018,SUPERMERCADO AT,-106.91,y,,
Sale,6/6/2018,6/7/2018,EL RINCON DEL PULPO,-101.45,,,
Sale,6/4/2018,6/5/2018,MAS APARTAMENTOS CHICLANA,-1228.51,y,,
Sale,6/3/2018,6/5/2018,UNITED      0162923600618,-118,y,,
Sale,6/3/2018,6/4/2018,SAN FRANCISCO SOUP COMPAN,-22.82,y,,
Sale,6/3/2018,6/3/2018,IMRAN TAXI SERVICE,-50,y,,
Sale,6/2/2018,6/3/2018,MO BURGER PHILADELPHIA,-14.04,,,
Sale,6/1/2018,6/3/2018,CHEVRON 0204447,-27.21,,,
Sale,6/1/2018,6/3/2018,WAWA 8053     00080531,-12.8,y,,
Sale,6/1/2018,6/3/2018,SPRINGHILL SUITES BY M,-285.47,y,,
Sale,6/1/2018,6/3/2018,IMRAN TAXI SERVICE,-50.75,y,,
Sale,6/1/2018,6/3/2018,HERTZ RENT-A-CAR,-199.01,y,,
Sale,5/31/2018,6/3/2018,NAF NAF GRILL 026,-18.55,,,
Sale,5/30/2018,5/31/2018,KLEIN'S DELI - E,-9.71,y,,
Sale,5/29/2018,5/30/2018,WAWA 8321     00083212,-11.92,,,
Sale,5/29/2018,5/30/2018,IMRAN TAXI SERVICE,-49.5,y,,
Sale,5/29/2018,5/30/2018,HERTZ RENT-A-CAR,-287.42,,,
Sale,5/29/2018,5/30/2018,HERTZ RENT-A-CAR,-313.06,y,,
Sale,5/29/2018,5/30/2018,MARRIOTT REWARDS CHRGS,-75,y,,
Payment,5/28/2018,5/28/2018,Payment Thank You - Web,3917.6,y,,
Sale,5/26/2018,5/27/2018,MARRIOTT RIVER CENTER,-904.51,y,,
Sale,5/26/2018,5/27/2018,IMRAN TAXI SERVICE,-45.74,y,,
Sale,5/25/2018,5/27/2018,61998-STATE GARAGE,-10,y,,
Sale,5/25/2018,5/27/2018,BP#88633421259 E 5TH AVE,-32.64,y,,
Sale,5/25/2018,5/27/2018,51907 - FOUNTAIN PLACE #0,-12,y,,
Sale,5/24/2018,5/27/2018,51907 - FOUNTAIN PLACE #0,-12,y,,
Sale,5/24/2018,5/27/2018,61998-STATE GARAGE,-10,y,,
Sale,5/23/2018,5/27/2018,51907 - FOUNTAIN PLACE #0,-12,y,,
Payment,5/24/2018,5/25/2018,Payment Thank You - Web,30000,y,,
Sale,5/23/2018,5/25/2018,61998-STATE GARAGE,-10,y,,
Sale,5/22/2018,5/24/2018,61998-STATE GARAGE,-10,y,,
Sale,5/22/2018,5/24/2018,MARRIOTT CINCINNATI F&amp;B,-32.62,y,,
Sale,5/22/2018,5/24/2018,FIFTH AND RACE LLC,-17,y,,
Sale,5/21/2018,5/23/2018,51907 - FOUNTAIN PLACE #0,-12,y,,
Sale,5/21/2018,5/23/2018,61998-STATE GARAGE,-4,y,,
Sale,5/21/2018,5/22/2018,KLEIN'S DELI - F,-16.53,,,
Sale,5/20/2018,5/21/2018,IMRAN TAXI SERVICE,-45.5,y,,
,,,,,,,
Sale,5/16/2018,5/17/2018,STAR SMOG SAN MATEO,-59,y,,
Payment,5/15/2018,5/15/2018,Payment Thank You - Web,2500,y,,
Sale,5/12/2018,5/13/2018,COURTYARD BY MARRIOTT-,-767.12,y,,
Sale,5/11/2018,5/13/2018,IMRAN TAXI SERVICE,-48.5,y,,
Sale,5/11/2018,5/13/2018,CHEVRON 0092406,-9.24,y,,
Sale,5/11/2018,5/13/2018,VINTAGE WASHINGTON GEG,-22.89,y,,
Sale,5/10/2018,5/13/2018,ANTHONY'S AT SPOKANE FAL,-153.45,y,,
Sale,5/10/2018,5/11/2018,DIAMOND PARKING B270,-2.18,y,,
Sale,5/10/2018,5/11/2018,UNITED      0162398549496,-840.4,y,,
Fee,5/10/2018,5/10/2018,PURCHASE INTEREST CHARGE,-494.52,y,,
Sale,5/9/2018,5/10/2018,GROCERY OUTLET OF D,-20.44,y,,
Payment,5/8/2018,5/8/2018,Payment Thank You - Web,2500,y,,
Sale,5/7/2018,5/8/2018,GROCERY OUTLET OF D,-35.88,y,,
Sale,5/7/2018,5/7/2018,IMRAN TAXI SERVICE,-49.5,y,,
Sale,5/5/2018,5/6/2018,IMRAN TAXI SERVICE,-49.75,y,,
Sale,5/4/2018,5/6/2018,LAX AIRP BGRILL BY BOA,-33.2,y,,
Sale,5/4/2018,5/6/2018,BORDER GRILL DOWNTOWN LOS,-55.09,y,,
Sale,5/3/2018,5/6/2018,BLUE COW KITCHEN,-38.49,y,,
Sale,5/3/2018,5/6/2018,UNITED      0162397556581,-135,y,833.6,CNL5E1
Sale,5/3/2018,5/6/2018,UNITED      0162397541834,-698.6,y,833.6,CNL5E1
Sale,5/2/2018,5/6/2018,BONAVENTURE BREWING CO,-39.03,y,,
Sale,5/1/2018,5/4/2018,BONAVENTURE BREWING CO,-50.08,y,,
Payment,5/2/2018,5/2/2018,Payment Thank You - Web,2000,y,,
Sale,4/30/2018,5/1/2018,RTI* THE WESTIN BON,-1630.6,y,,
Sale,4/29/2018,4/30/2018,SQ *ALLIED YELLOW CAB CO.,-48.5,y,,
Payment,4/29/2018,4/29/2018,Payment Thank You - Web,2000,y,,
Adjustment,4/29/2018,4/29/2018,REDEMPTION CREDIT,351.45,y,,
Sale,4/28/2018,4/29/2018,RESIDENCE INNS-RENO,-1187.46,y,,
Sale,4/27/2018,4/29/2018,UNITED      0162396700061,-407.9,y,,
Sale,4/27/2018,4/29/2018,SQ *FOG CITY,-49,y,,
Sale,4/27/2018,4/29/2018,SHELL OIL 57440694503,-9.19,y,,
Sale,4/27/2018,4/29/2018,HERTZ RENT-A-CAR,-405.49,y,,
Sale,4/25/2018,4/27/2018,BAWARCHI INDIAN CUISINE,-55.79,y,,
Sale,4/25/2018,4/26/2018,WHOLEFDS RNO 10293,-15.61,y,,
Sale,4/23/2018,4/25/2018,NV ENERGY- RENO,-9.45,y,,
Sale,4/23/2018,4/24/2018,SQ *ALLIED YELLOW CAB CO.,-48,y,,
Sale,4/22/2018,4/24/2018,EMPORIO RULLI SFIA DOMES,-3.77,y,,
Sale,4/21/2018,4/24/2018,LAKE CHABOT G.C.,-52,y,,
Sale,4/22/2018,4/23/2018,SMITHS-FOOD #4378,-51.8,y,,
Sale,4/21/2018,4/23/2018,BJS RESTAURANTS 443,-65.23,y,,
Sale,4/21/2018,4/22/2018,PATRICIA KERRIGAN,-55,y,,
Sale,4/20/2018,4/22/2018,RESIDENCE INNS DULLES,-909.65,y,,
Sale,4/20/2018,4/22/2018,SAFEWAY #639,-47.89,y,,
Sale,4/20/2018,4/22/2018,SQ *S.F TAXI,-48,y,,
Sale,4/19/2018,4/22/2018,QUANTUM PARK  19204304,-1.81,y,,
Sale,4/19/2018,4/22/2018,CHEF GEOFF,-51,y,,
Sale,4/19/2018,4/22/2018,EXXONMOBIL    47889720,-11.82,y,,
Sale,4/19/2018,4/22/2018,QUANTUM PARK  19204304,-15.44,y,,
Sale,4/19/2018,4/22/2018,QUANTUM PARK  19204304,-2.55,y,,
Sale,4/19/2018,4/22/2018,HERTZ RENT-A-CAR,-464.43,y,,
Sale,4/18/2018,4/20/2018,QUANTUM PARK  19204304,-17.3,y,,
Sale,4/18/2018,4/20/2018,QUANTUM PARK  19204304,-20,y,,
Sale,4/18/2018,4/19/2018,FORDS FISH SHACK- ASHB,-42.11,y,,
Sale,4/17/2018,4/19/2018,QUANTUM PARK  19204304,-3.63,y,,
Sale,4/17/2018,4/19/2018,FORDS FISH SHACK- ASHB,-45.29,y,,
Sale,4/16/2018,4/18/2018,QUANTUM PARK  19204304,-17.47,y,,
Sale,4/16/2018,4/17/2018,KLEIN'S DELI - F,-11.93,y,,
Sale,4/15/2018,4/17/2018,BUFFALO WILD WINGS 0241,-35.77,y,,
Sale,4/15/2018,4/17/2018,SFOUNION STREET GASTRO,-25.74,y,,
Sale,4/15/2018,4/16/2018,SQ *ALLIED YELLOW CAB CO.,-48.5,y,,
Sale,4/12/2018,4/13/2018,CHEVRON 0092038,-40.3,,,
Sale,4/6/2018,4/13/2018,STATE OF CALIF DMV INT SC,-873,y,,
Fee,4/10/2018,4/10/2018,PURCHASE INTEREST CHARGE,-506.99,y,,
Sale,4/7/2018,4/8/2018,60776 - SFO PARKINGCENTRA,-4,,,
Sale,4/5/2018,4/8/2018,UNITED      0162393357544,-228.4,y,,
Payment,4/2/2018,4/2/2018,Payment Thank You - Web,2500,y,,
Return,3/31/2018,4/2/2018,UNITED      0162392412348,1119.6,y,,
Sale,3/30/2018,4/1/2018,UNITED      0162392412348,-1119.6,y,,
Sale,3/26/2018,3/28/2018,UNITED      0162391845305,-366.6,y,,
Sale,3/26/2018,3/28/2018,UNITED      0162391868683,-803.6,y,,
Payment,3/26/2018,3/26/2018,Payment Thank You - Web,5000,y,,
Sale,3/24/2018,3/26/2018,247 ROOTER  PLUMBING,-815.84,y,,
Sale,3/23/2018,3/25/2018,CHEVRON 0092038,-36.4,,,
Sale,3/19/2018,3/20/2018,CLEARME.COM *855-2532763,-179,y,,
Sale,3/17/2018,3/19/2018,SAFEWAY #639,-136.83,,,
,,,,,,,
Sale,3/17/2018,3/18/2018,SQ *SF TAXI CAB,-51.42,y,,
Sale,3/17/2018,3/18/2018,COURTYARD BY MARRIOTT-,-1512.25,y,,
Sale,3/16/2018,3/18/2018,MGM DETROIT - TAP,-18.26,y,,
Sale,3/16/2018,3/18/2018,60147 - RENAISSANCE CTR-C,-20,y,,
Sale,3/16/2018,3/18/2018,SPEEDWAY 08834 ROM,-16.79,y,,
Sale,3/16/2018,3/18/2018,NATIONAL CONEY ISLAND,-15.17,y,,
Sale,3/16/2018,3/18/2018,DTE HQ CSTORE 12432779,-5.13,y,,
Sale,3/16/2018,3/18/2018,HERTZ RENT-A-CAR,-297.42,y,,
Sale,3/15/2018,3/18/2018,DYE HQ COFFEE 11432804,-2.17,y,,
Sale,3/15/2018,3/18/2018,DTE EURESTCAFE11430857,-1.96,y,,
Sale,3/15/2018,3/18/2018,60147 - RENAISSANCE CTR-C,-20,y,,
Sale,3/15/2018,3/18/2018,DTE HQ CSTORE 12432779,-3.17,y,,
Sale,3/15/2018,3/18/2018,MGM DETROIT - BREEZE,-18.4,y,,
Sale,3/9/2018,3/18/2018,STARBUCKS NT DTW,-25.33,y,,
Sale,3/15/2018,3/16/2018,SLOWS BAR BQ,-64.51,y,,
Sale,3/14/2018,3/16/2018,DTE HQ CSTORE 12432779,-5.13,y,,
Sale,3/14/2018,3/16/2018,DYE HQ COFFEE 11432804,-2.07,y,,
Sale,3/14/2018,3/16/2018,60147 - RENAISSANCE CTR-C,-20,y,,
Sale,3/14/2018,3/15/2018,WHOLEFDS MDT #10465,-12.11,y,,
Sale,3/13/2018,3/15/2018,DTE EURESTCAFE11430857,-10.91,y,,
Sale,3/13/2018,3/15/2018,60147 - RENAISSANCE CTR-C,-20,y,,
Sale,3/13/2018,3/15/2018,DTE HQ CSTORE 12432779,-1.96,y,,
Sale,3/12/2018,3/14/2018,60147 - RENAISSANCE CTR-C,-20,y,,
Sale,3/12/2018,3/14/2018,MGM DETROIT - TAP,-20.81,y,,
Sale,3/12/2018,3/14/2018,DTE HQ CSTORE 12432779,-4.15,y,,
Sale,3/12/2018,3/14/2018,DTE HQ CSTORE 12432779,-4.25,y,,
Refund,3/11/2018,3/14/2018,PURCH INTEREST CREDIT ADJ,0.03,,,
Adjustment,3/7/2018,3/14/2018,60147 - RENAISSANCE CTR-C,14,y,refund,
Sale,3/11/2018,3/13/2018,IMRAN TAXI SERVICE,-51.5,y,,
Sale,3/11/2018,3/13/2018,SFOUNION STREET GASTRO,-25.22,y,,
Sale,3/11/2018,3/12/2018,WETZEL'S PRETZELS,-10.54,y,,
Sale,3/11/2018,3/12/2018,WHOLEFDS MDT #10465,-37.87,y,,
Sale,3/10/2018,3/12/2018,PACSUN #0058,-92.81,y,,
Sale,3/10/2018,3/11/2018,IMRAN TAXI SERVICE,-51,y,,
Sale,3/10/2018,3/11/2018,COURTYARD BY MARRIOTT-,-1144.25,y,,
Sale,3/10/2018,3/11/2018,PATRICIA KERRIGAN,-55,y,,
Sale,3/10/2018,3/11/2018,CLARKS #271,-130.39,y,,
Sale,3/9/2018,3/11/2018,SPEEDWAY 08834 ROM,-10.3,y,,
Sale,3/9/2018,3/11/2018,60147 - RENAISSANCE CTR-C,-20,y,,
Sale,3/9/2018,3/11/2018,DETROIT AIPORT,-45.27,y,,
Sale,3/9/2018,3/11/2018,FOUNDERS BREWING CO,-18,y,,
Sale,3/9/2018,3/11/2018,DTE EURESTCAFE11430857,-1.96,y,,
Sale,3/9/2018,3/11/2018,HERTZ RENT-A-CAR,-372.67,y,,
Sale,3/8/2018,3/11/2018,DTE EURESTCAFE11430857,-9.91,y,,
Sale,3/8/2018,3/11/2018,60147 - RENAISSANCE CTR-C,-20,y,,
Sale,3/8/2018,3/11/2018,DYE HQ COFFEE 11432804,-2.17,y,,
Sale,3/8/2018,3/11/2018,TUNNEL LIQUOR SHOPPE,-6.34,y,,
Fee,3/9/2018,3/9/2018,PURCHASE INTEREST CHARGE,-390.8,y,,
Sale,3/8/2018,3/9/2018,RUSTED CROW DETROIT,-22.14,y,,
Sale,3/7/2018,3/9/2018,DYE HQ COFFEE 11432804,-2.17,y,,
Sale,3/7/2018,3/9/2018,60147 - RENAISSANCE CTR-C,-20,y,,
Sale,3/7/2018,3/8/2018,VERTICAL DETROIT,-96.56,y,,
Sale,3/7/2018,3/8/2018,WHOLEFDS MDT #10465,-14.23,y,,
Sale,3/7/2018,3/8/2018,60147 - RENAISSANCE CTR-C,-14,y,to be refunded,
Sale,3/6/2018,3/8/2018,CITY OF DETROIT MUNPL. PA,-2.75,y,,
Sale,3/6/2018,3/8/2018,DTE EURESTCAFE11430857,-4.25,y,,
Sale,3/6/2018,3/8/2018,60147 - RENAISSANCE CTR-C,-20,y,,
Sale,3/6/2018,3/7/2018,GUS WORLD FAMOUS FRIED,-19.91,y,,
Sale,3/5/2018,3/7/2018,DYE HQ COFFEE 11432804,-3.6,y,,
Sale,3/5/2018,3/7/2018,60147 - RENAISSANCE CTR-C,-20,y,,
Sale,3/5/2018,3/7/2018,MGM DETROIT - TAP,-21.66,y,,
Sale,3/5/2018,3/6/2018,APPLEBEES 773565177354,-13.73,y,,
Sale,3/5/2018,3/6/2018,TST* FRAICHE - SFO,-3.99,y,,
Sale,3/5/2018,3/6/2018,SWEETWATER TAVERN,-38.55,y,,
Sale,3/5/2018,3/6/2018,TST* FRAICHE - SFO,-15.21,y,,
Sale,3/5/2018,3/6/2018,WHOLEFDS MDT #10465,-64.31,y,,
Sale,3/4/2018,3/5/2018,IMRAN TAXI SERVICE,-51,y,,
Sale,3/3/2018,3/4/2018,BAM BAM CN5,-41.91,y,,
Sale,3/3/2018,3/4/2018,AMARILLO FAIRFIELD INN,-615.25,y,,
Sale,3/3/2018,3/4/2018,IMRAN TAXI SERVICE,-50.5,y,,
Sale,3/2/2018,3/4/2018,HERTZ RENT-A-CAR,-230.55,y,,
Sale,3/2/2018,3/4/2018,PILOT_00723,-10.54,y,,
Sale,3/2/2018,3/4/2018,BANGKOK TOKYO,-83.95,y,,
Sale,3/1/2018,3/4/2018,MARKET STREET,-15.97,y,,
Sale,2/28/2018,3/2/2018,MARKET STREET,-13.24,y,,
Sale,2/28/2018,3/2/2018,UNITED,-65.97,y,,
Sale,2/27/2018,3/1/2018,MARKET STREET,-13.09,y,,
Sale,2/26/2018,2/28/2018,UNITED,-14.68,y,,
Sale,2/26/2018,2/28/2018,UNITED      0162387392795,-724.6,y,,
Sale,2/26/2018,2/27/2018,WAL-MART #5216,-58.72,y,,
Sale,2/25/2018,2/27/2018,GORDON BIERSCH SFO,-22.2,y,,
Sale,2/25/2018,2/26/2018,IMRAN TAXI SERVICE,-51,y,,
Sale,2/21/2018,2/22/2018,CVS/PHARMACY #09977,-30,y,,
Sale,2/20/2018,2/22/2018,UNITED      0162386577886,-786.6,y,,
Sale,2/19/2018,2/21/2018,UNITED      0162386364357,-60.51,y,,
Sale,2/19/2018,2/21/2018,UNITED      0162386364360,-60.51,y,,
Sale,2/19/2018,2/21/2018,UNITED      0162386364358,-60.51,y,,
Sale,2/19/2018,2/21/2018,UNITED      0162386364359,-60.51,y,,
Sale,2/17/2018,2/20/2018,LAKE CHABOT G.C.,-52,y,,
Sale,2/17/2018,2/19/2018,LEE'S SANDWICHES,-18,y,,
Sale,2/15/2018,2/18/2018,HOLIDAY INN EXPRESS,-475.58,y,,
Sale,2/15/2018,2/18/2018,SAFEWAY #3116,-64.71,?,,
Payment,2/16/2018,2/16/2018,Payment Thank You - Web,1000,y,,
Sale,2/15/2018,2/16/2018,HERTZ RENT-A-CAR,-316.8,y,,
Sale,2/15/2018,2/16/2018,IMRAN TAXI SERVICE,-50.5,y,,
Sale,2/15/2018,2/16/2018,CONOCO - UNITED PACIFIC 6,-10.94,y,,
Sale,2/14/2018,2/16/2018,UNITED      0162385663915,-956,y,,
,,,,,,,
Sale,2/14/2018,2/15/2018,EUREST DINING 11097615,-20.77,y,,
Sale,2/13/2018,2/14/2018,EUREST DINING 11097615,-19.84,y,,
Sale,2/12/2018,2/13/2018,EUREST DINING 11097615,-18.79,y,,
Sale,2/12/2018,2/13/2018,WAL-MART #5341,-42.52,y,,
Sale,2/12/2018,2/13/2018,KLEIN'S DELI - F,-13.31,y,,
Sale,2/11/2018,2/12/2018,IMRAN TAXI SERVICE,-51,y,,
Sale,2/11/2018,2/12/2018,GORDON BIERSCH BROOMFIEL,-44.36,y,,
Sale,2/10/2018,2/11/2018,QUICKLY,-28.49,y,,
Sale,2/9/2018,2/11/2018,HONDA REDWOOD CITY.,-177.06,y,,
Sale,2/9/2018,2/11/2018,UNITED      0162384908910,-217.8,y,,
Sale,2/8/2018,2/11/2018,SAFEWAY #639,-10.88,y,,
Fee,2/9/2018,2/9/2018,PURCHASE INTEREST CHARGE,-379.45,y,,
Sale,2/7/2018,2/9/2018,MEXICANA PRODUCE MARKET,-12.01,y,,
Sale,2/6/2018,2/7/2018,76 - CRYSTAL SPRINGS,-40.51,y,,
Sale,2/4/2018,2/5/2018,WALGREENS #15397,-11.46,,,
Sale,2/2/2018,2/4/2018,76 - MILLBRAE 76,-56.52,y,,
Sale,2/2/2018,2/4/2018,MICHAELS STORES 5051,-92.74,y,,
Sale,1/31/2018,2/2/2018,KIRBERG MOTORS INC,-1123.87,y,,
Fee,2/1/2018,2/1/2018,ANNUAL MEMBERSHIP FEE,-450,y,,
Payment,1/29/2018,1/29/2018,Payment Thank You - Web,2500,y,,
Sale,1/15/2018,1/26/2018,SFOUNION STREET GASTRO,-24.67,y,,
Sale,1/23/2018,1/24/2018,76 - CRYSTAL SPRINGS,-30.44,y,,
Sale,1/20/2018,1/21/2018,IMRAN TAXI SERVICE,-51,y,,
Sale,1/20/2018,1/21/2018,FAIRFIELD INN &amp; SUITES,-666.93,y,,
Sale,1/19/2018,1/21/2018,PHILLIPS 66 - SUDDEN SERV,-4.08,y,,
Sale,1/19/2018,1/21/2018,HERTZ RENT-A-CAR,-325.44,y,,
Sale,1/19/2018,1/21/2018,AT&amp;T K008 9969,-182.05,y,,
Sale,1/19/2018,1/21/2018,NOSHVIILE DELI AB BNA,-11.24,y,,
Sale,1/19/2018,1/21/2018,PHILLIPS 66 - SAMS 66,-6.17,y,,
Sale,1/18/2018,1/21/2018,BUTCHERTOWN HALL,-44.69,y,,
Sale,1/18/2018,1/19/2018,JERSEY MIKES STORE 4027,-12.56,y,,
Sale,1/17/2018,1/19/2018,BUTCHERTOWN HALL,-36.68,y,,
Sale,1/17/2018,1/18/2018,JERSEY MIKES STORE 4027,-19.46,y,,
Sale,1/15/2018,1/17/2018,PEETS COFFEE SFO #1,-12.76,y,,
Sale,1/15/2018,1/16/2018,IMRAN TAXI SERVICE,-51,y,,
Sale,1/13/2018,1/14/2018,IMRAN TAXI SERVICE,-51,y,,
Sale,1/13/2018,1/14/2018,COURTYARD HOUSTON SPRI,-672.75,y,,
Sale,1/12/2018,1/14/2018,COURTYARD HOUSTON SPRI,-8.42,y,,
Sale,1/12/2018,1/14/2018,SPRING CREEK KLEIN,-15.97,y,,
Sale,1/11/2018,1/14/2018,COURTYARD HOUSTON SPRI,-8.42,y,,
Sale,1/11/2018,1/14/2018,MOD PIZZA SPRINGWOODS VIL,-12.19,y,,
,,,,,,,
Sale,1/10/2018,1/12/2018,COURTYARD HOUSTON SPRI,-11.61,y,,
Sale,1/10/2018,1/11/2018,WHATABURGER 1045,-8.87,y,,
Sale,1/9/2018,1/11/2018,COURTYARD HOUSTON SPRI,-11.93,y,,
Fee,1/10/2018,1/10/2018,PURCHASE INTEREST CHARGE,-374.65,y,,
Sale,1/9/2018,1/10/2018,CLIOS RESTAURANT,-18.13,y,,
Sale,1/9/2018,1/10/2018,COURTYARD HOUSTON SPRI,-2.3,y,,
Sale,1/8/2018,1/10/2018,UNITED      0162928609897,-200,y,,
Sale,1/8/2018,1/10/2018,CHICK-FIL-A #03916,-13.03,y,,
Sale,1/8/2018,1/10/2018,COURTYARD HOUSTON SPRI,-37.45,y,,
Sale,1/8/2018,1/9/2018,HOUSTON YELLOW CAB,-62.25,y,,
Sale,1/8/2018,1/9/2018,COURTYARD BY MARRIOTT,-119.72,y,,
Sale,1/8/2018,1/9/2018,IMRAN TAXI SERVICE,-50,y,,
Sale,1/8/2018,1/9/2018,IMRAN TAXI SERVICE,-50,y,,
Sale,1/7/2018,1/9/2018,HERTZ RENT-A-CAR,-889.73,y,,
Sale,1/7/2018,1/8/2018,76 - GOOSES EDGE KAHULUI,-30.53,y,,
Sale,1/6/2018,1/8/2018,DA KITCHEN,-91.91,y,,
Sale,1/6/2018,1/8/2018,PAIA FISH MARKET FRONT ST,-72.64,y,,
Sale,1/5/2018,1/8/2018,FERNANDOS MEXICAN GRILL,-69.6,y,,
Sale,1/5/2018,1/7/2018,VANS #0412,-98.39,y,,
Sale,1/5/2018,1/7/2018,FOOT LOCKER 07592,-70.31,y,,
Sale,1/5/2018,1/7/2018,MAXS RESTAURANT,-90.73,y,,
Sale,1/5/2018,1/7/2018,ALOHA MIXED PLATE,-71.64,y,,
Sale,1/5/2018,1/7/2018,SQ *OCARYS BARBER SHOP,-35,y,,
Sale,1/4/2018,1/7/2018,RAMEN-YA,-39.79,y,,
,,,,,,,
Sale,1/4/2018,1/5/2018,LEODAS KITCHEN AND PIE SH,-25.74,y,,
Sale,1/3/2018,1/5/2018,MILAGROS FOOD COMPANY,-75.55,y,,
Sale,1/3/2018,1/5/2018,SIPMEUPTOWNPAIA,-17.11,y,,
Sale,1/3/2018,1/5/2018,NAPILI MARKET #1004,-23.92,y,,
Sale,1/3/2018,1/5/2018,KAAHUMANU FOODLAND #20,-14.13,y,,
Sale,1/3/2018,1/5/2018,NAPILI MARKET #1004,-19.77,y,,
Sale,1/3/2018,1/5/2018,SHELL OIL 10006040009,-37.34,y,,
Sale,1/3/2018,1/5/2018,COURTYARD BY MARRIOTT,-13.4,y,,
Sale,1/3/2018,1/5/2018,RACHAEL RAY ART COLLECTIO,-57.3,y,,
Payment,1/4/2018,1/4/2018,Payment Thank You - Web,5000,y,,
Sale,1/3/2018,1/4/2018,OKIS SEAFOOD CORNER,-19.07,y,,
Sale,1/2/2018,1/4/2018,KAAHUMANU FOODLAND #20,-48.93,y,,
Sale,1/2/2018,1/4/2018,MAUI LANI GOLF COURSE,-6.77,y,,
Sale,1/3/2018,1/3/2018,HANA FARMS,-34.27,y,,
Sale,1/2/2018,1/3/2018,KOHO GRILL AND BAR,-51.65,y,,
Sale,1/2/2018,1/3/2018,OKIS SEAFOOD CORNER,-37.48,y,,
Sale,1/1/2018,1/3/2018,DA KITCHEN EXPRESS,-45.41,y,,
Sale,1/1/2018,1/3/2018,HAWAII GIFT AND CRAFT,-12.48,y,,
Sale,1/1/2018,1/3/2018,COURTYARD BY MARRIOTT,-2.6,,,
Sale,1/1/2018,1/3/2018,ABC #51 HAWAII,-70.82,y,,
Sale,1/1/2018,1/3/2018,HAWAII GIFT AND CRAFT,-26,y,,
Sale,1/1/2018,1/2/2018,SQ *MAUI GELATO,-8.25,y,,
Sale,12/31/2017,1/2/2018,LAS PINATAS OF MAUI,-48.31,y,,
Sale,12/31/2017,1/2/2018,COURTYARD BY MARRIOTT,-9.39,y,,
Sale,12/30/2017,1/2/2018,POI BY THE POUND,-59.93,y,,
Sale,12/31/2017,1/1/2018,WOW WEE MAUI KAVA BAR AND,-97.57,y,,
Sale,12/31/2017,1/1/2018,BASKIN #330792 Q35,-3.12,y,,
Sale,12/30/2017,1/1/2018,COURTYARD BY MARRIOTT,-2.6,y,,
Sale,12/30/2017,1/1/2018,MAUI OCEAN CENTER/FRONT G,-106.08,y,,
Sale,12/30/2017,1/1/2018,STARBUCKS STORE 21002,-18.07,y,,
Sale,12/30/2017,1/1/2018,STAR NOODLE,-141.17,y,,
Sale,12/29/2017,12/31/2017,DIAMOND KAANAPALI MKTG,-391.92,y,,
Sale,12/29/2017,12/31/2017,ALOHA MIXED PLATE,-122.3,y,,
Sale,12/29/2017,12/31/2017,DIAMOND KAANAPALI MKTG,-149,y,,
Sale,12/29/2017,12/31/2017,COURTYARD BY MARRIOTT,-16.57,y,,
Sale,12/29/2017,12/31/2017,POI BY THE POUND,-87.91,y,,
Sale,12/29/2017,12/31/2017,ISLAND PRESS COFFEE,-28.66,,,
Sale,12/29/2017,12/31/2017,LONGS #09877,-40.1,y,,
Sale,12/28/2017,12/31/2017,GORDON BIERSCH SFO,-30.97,y,,
Sale,12/28/2017,12/29/2017,SQ *TAXI CAB GOSQ.COM,-60.14,y,,
Sale,12/19/2017,12/20/2017,HIMAWARI TEI,-77.1,y,,
Sale,12/18/2017,12/20/2017,UNITED      0162377673869,-692.4,y,,
Sale,12/17/2017,12/19/2017,SAFEWAY #639,-45.35,y,,
Payment,12/18/2017,12/18/2017,Payment Thank You - Web,5000,y,,
Sale,12/16/2017,12/17/2017,MARRIOTT LOUISVILLE,-968.7,y,,
Sale,12/16/2017,12/17/2017,IMRAN TAXI SERVICE,-50,y,,
Sale,12/15/2017,12/17/2017,BOOKS &amp; BOURBON SDF,-20.23,y,,
Sale,12/15/2017,12/17/2017,SPEEDWAY 09662 LOU,-9.83,y,,
Sale,12/15/2017,12/17/2017,HERTZ RENT-A-CAR,-318.88,y,,
Sale,12/14/2017,12/17/2017,MHRS LOUISVILLE FB,-43.37,y,,
Sale,12/13/2017,12/14/2017,KROGER #327,-39.34,y,,
Sale,12/12/2017,12/13/2017,KROGER #753,-31.68,y,,
Sale,12/11/2017,12/13/2017,LRAA PARKING,-1,y,,
Sale,12/11/2017,12/13/2017,MHRS LOUISVILLE FB,-12.15,y,,
Sale,12/11/2017,12/12/2017,KROGER #327,-36.69,y,,
Sale,12/11/2017,12/12/2017,KLEIN'S DELI - F,-21.63,y,,
Sale,12/11/2017,12/12/2017,SAN FRANCISCO GIANTS CLU,-3.66,y,,
Sale,12/10/2017,12/12/2017,KROGER #753,-48.37,y,,
Adjustment,12/8/2017,12/12/2017,TRAVEL CREDIT $300/YEAR,250.5,y,,
Sale,12/8/2017,12/12/2017,HERTZ RENT A CAR,-341.48,y,,
Adjustment,12/10/2017,12/11/2017,TRAVEL CREDIT $300/YEAR,49.5,y,,
Sale,12/10/2017,12/11/2017,IMRAN TAXI SERVICE,-49.5,y,,
Fee,12/10/2017,12/10/2017,PURCHASE INTEREST CHARGE,-345.49,y,,
Sale,12/9/2017,12/10/2017,SPRINGHILL SUITES BY M,-540.52,y,,
Sale,12/9/2017,12/10/2017,IMRAN TAXI SERVICE,-49.5,y,,
Sale,12/9/2017,12/10/2017,PATRICIA KERRIGAN,-55,y,,
Sale,12/8/2017,12/10/2017,RIVERBEND BAR LIT,-24.07,y,,
Sale,12/8/2017,12/10/2017,SHELL OIL 10010521002,-7.91,y,,
Sale,12/7/2017,12/8/2017,KROGER #623,-50.68,y,,
Sale,12/6/2017,12/7/2017,KROGER #623,-59.83,y,,
Sale,12/5/2017,12/6/2017,KROGER #623,-9.25,y,,
Sale,12/5/2017,12/6/2017,KROGER #623,-29.34,y,,
Sale,12/4/2017,12/5/2017,KLEIN'S DELI - F,-20.52,y,,
Sale,12/4/2017,12/5/2017,KROGER #623,-48.97,y,,
Sale,12/3/2017,12/5/2017,KROGER #636,-68.18,y,,
Sale,12/3/2017,12/4/2017,IMRAN TAXI SERVICE,-49,y,,
Sale,12/2/2017,12/3/2017,FAIRFIELD INN &amp; SUITES,-1012.87,y,,
Sale,12/2/2017,12/3/2017,IMRAN TAXI SERVICE,-51.5,y,,
Sale,12/1/2017,12/3/2017,NOSHVIILE DELI AB BNA,-28.14,y,,
Sale,12/1/2017,12/3/2017,HERTZ RENT-A-CAR,-251.57,y,,
Sale,12/1/2017,12/3/2017,STARBUCKS AB BNA,-18.46,y,,
Sale,12/1/2017,12/3/2017,JOHNSTON &amp; MURPHY #1712,-158.25,y,,
Sale,12/1/2017,12/3/2017,RACEWAY 960   35309608,-8.35,y,,
Sale,12/1/2017,12/3/2017,NOSHVIILE DELI AB BNA,-13.57,y,,
Sale,11/30/2017,12/3/2017,BUTCHERTOWN HALL,-53.98,y,,
,,,,,,,
Sale,11/30/2017,12/1/2017,CMSVEND*BAKER VENDING,-0.7,y,,
Sale,11/29/2017,11/30/2017,CMSVEND*BAKER VENDING,-0.7,y,,
Sale,11/29/2017,11/30/2017,KROGER #502,-60,y,,
Sale,11/28/2017,11/29/2017,KROGER #502,-48.75,y,,
Sale,11/27/2017,11/29/2017,TACO BELL #016292,-11.45,y,,
Sale,11/27/2017,11/28/2017,CMSVEND*BAKER VENDING,-0.7,y,,
Sale,11/27/2017,11/28/2017,KROGER #502,-78.58,y,,
Sale,11/26/2017,11/28/2017,GORDON BIERSCH SFO,-21.6,y,,
Sale,11/26/2017,11/28/2017,UA INFLT    0162925061292,-9.59,y,,
Sale,11/26/2017,11/27/2017,IMRAN TAXI SERVICE,-50.5,y,,
Sale,11/25/2017,11/27/2017,SABELLA  LA TORRE SEA,-143.94,y,,
Sale,11/24/2017,11/27/2017,FLIP FLOP SHOPS 238 CA,-133.74,y,,
Sale,11/24/2017,11/26/2017,L OCCITANE 285,-196.2,y,,
Sale,11/24/2017,11/26/2017,COLLECTIBLE COINS,-131.8,y,,
Sale,11/21/2017,11/22/2017,UNITED      0162374526201,-1378.4,y,,
Payment,11/21/2017,11/21/2017,Payment Thank You - Web,3000,y,,
Sale,11/18/2017,11/20/2017,UA INFLT    0162924413986,-9.59,y,,
Sale,11/18/2017,11/20/2017,UA INFLT    0162924413987,-6.99,y,,
Sale,11/18/2017,11/19/2017,IMRAN TAXI SERVICE,-50.5,y,,
Sale,11/18/2017,11/19/2017,COURTYARD BY MARRIOTT,-1297.31,y,,
Sale,11/18/2017,11/19/2017,CVS/PHARMACY #09977,-30,y,,
Sale,11/17/2017,11/19/2017,PHILLIPS 66 - SUDDEN SERV,-14.66,y,,
Sale,11/17/2017,11/19/2017,NOSHVIILE DELI AB BNA,-18.92,y,,
Sale,11/17/2017,11/19/2017,HERTZ RENT-A-CAR,-424.8,y,,
Sale,11/17/2017,11/19/2017,STARBUCKS AB BNA,-23.93,y,,
Sale,11/17/2017,11/19/2017,COURTYARD BY MARRIOTT,-14.82,y,,
Sale,11/16/2017,11/19/2017,COURTYARD BY MARRIOTT,-13.73,y,,
Sale,11/16/2017,11/19/2017,BUTCHERTOWN HALL,-49.61,y,,
Sale,11/15/2017,11/17/2017,COURTYARD BY MARRIOTT,-12.64,y,,
Sale,11/15/2017,11/16/2017,KROGER #502,-48.28,y,,
Sale,11/14/2017,11/16/2017,COURTYARD BY MARRIOTT,-18.1,y,,
Sale,11/14/2017,11/16/2017,HAROLDS CHICKEN NASHVILL,-14.2,y,,
Sale,11/14/2017,11/15/2017,KROGER #502,-74.75,y,,
Sale,11/13/2017,11/15/2017,COURTYARD BY MARRIOTT,-11.71,y,,
Sale,11/13/2017,11/14/2017,CMSVEND*BAKER VENDING,-1.3,,,
Sale,11/12/2017,11/14/2017,COURTYARD BY MARRIOTT,-45.37,y,,
Sale,11/12/2017,11/14/2017,KLEIN DELI F,-21.63,y,,
Sale,11/11/2017,11/14/2017,LAKE CHABOT G.C.,-52,y,,
Sale,11/12/2017,11/13/2017,IMRAN TAXI SERVICE,-51,y,,
Sale,11/12/2017,11/13/2017,YANKEE PIER,-19.6,????,,
Sale,11/11/2017,11/13/2017,LEE'S SANDWICHES,-15.99,y,,
Sale,11/9/2017,11/12/2017,THE FISH MARKET SM,-98.6,y,,
Sale,11/10/2017,11/10/2017,ROSE CLEANERS,-76,y,,
Fee,11/10/2017,11/10/2017,PURCHASE INTEREST CHARGE,-290.03,y,,
Sale,11/8/2017,11/10/2017,JACK'S RESTAURANT &amp; BA,-20,y,,
Sale,11/8/2017,11/9/2017,CVS/PHARMACY #09554,-51.96,y,,
Sale,11/7/2017,11/9/2017,UNITED      0162372829643,-83.6,y,,
Sale,11/5/2017,11/7/2017,THE GOLF CLUB AT MOFFETT,-94,y,,
Sale,11/4/2017,11/5/2017,TOWNEPLACE SUITES,-823.2,y,,
Sale,11/3/2017,11/5/2017,UA INFLT    0162923082587,-9.99,y,,
Sale,11/3/2017,11/5/2017,HERTZ RENT-A-CAR,-370.24,y,,
Sale,11/3/2017,11/5/2017,UA INFLT    0162923082584,-9.59,y,,
Sale,11/3/2017,11/5/2017,SHELL OIL 57543615801,-14.78,y,,
Sale,11/3/2017,11/5/2017,FLYWHEEL SOFTWARE,-50,y,,
Sale,11/3/2017,11/5/2017,GRILLE DISTRICT,-20,y,,
Sale,11/3/2017,11/5/2017,UNITED      0162372288833,-650,y,,
Sale,11/2/2017,11/5/2017,MIKE'S AMERICAN,-51.58,y,,
Sale,11/1/2017,11/3/2017,UNITED      0162922836022,-200,y,,
Payment,11/2/2017,11/2/2017,Payment Thank You - Web,2500,y,,
Sale,11/1/2017,11/2/2017,TRADER JOE'S #651  QPS,-45.33,y,,
Sale,10/31/2017,11/2/2017,UNITED      0162371824896,-631,y,,
Sale,10/31/2017,11/2/2017,STARBUCKS STORE 11153,-11.61,y,,
Sale,10/31/2017,11/1/2017,TRADER JOE'S #651  QPS,-58.28,y,,
Sale,10/30/2017,11/1/2017,YARD HOUSE 83500083584,-60.62,y,,
Sale,10/30/2017,10/31/2017,TRADER JOE'S #651  QPS,-45.09,y,,
Sale,10/29/2017,10/31/2017,BUENA VISTA SF30098164,-18.44,y,,
Sale,10/29/2017,10/31/2017,SAFEWAY #639,-39.09,y,,
Sale,10/29/2017,10/30/2017,IMRAN TAXI SERVICE,-50.47,y,,
Sale,10/28/2017,10/29/2017,MARRIOTT CHICAGO NAPER,-978.14,y,,
Sale,10/27/2017,10/29/2017,EXXONMOBIL    97555395,-27.74,y,,
Sale,10/27/2017,10/29/2017,IMRAN TAXI SERVICE,-51.51,y,,
Sale,10/27/2017,10/29/2017,VENTURE T3 SALAD ORD,-11.69,? Disputued double charged,,
Sale,10/27/2017,10/29/2017,HERTZ RENT-A-CAR,-491.02,y,,
Sale,10/27/2017,10/29/2017,VENTURE T3 SALAD ORD,-11.69,y,,
Sale,10/27/2017,10/29/2017,ZOOT'S CAFE ORD,-5.45,y,,
,,,,,,,
Sale,10/26/2017,10/27/2017,WAL-MART #1848,-46.17,y,,
Sale,10/25/2017,10/27/2017,UNITED      0162371044280,-776.1,y,,
Sale,10/25/2017,10/26/2017,COOPER'S HAWK OAK LAWN,-67.03,y,,
Sale,10/24/2017,10/25/2017,WAL-MART #1848,-44.19,y,,
Sale,10/23/2017,10/24/2017,WAL-MART #1848,-58.49,y,,
Sale,10/23/2017,10/24/2017,TST* FRAICHE - SFO,-10.45,y,,
Sale,10/22/2017,10/24/2017,SAFEWAY #639,-42.12,y,,
Sale,10/22/2017,10/24/2017,KLEIN DELI F,-25.24,y,,
Sale,10/21/2017,10/24/2017,LAKE CHABOT G.C.,-52,y,,
Sale,10/22/2017,10/23/2017,IMRAN TAXI SERVICE,-50.5,y,,
Sale,10/21/2017,10/23/2017,LEE'S SANDWICHES,-11.49,y,,
Sale,10/21/2017,10/22/2017,PATRICIA KERRIGAN,-55,y,,
Sale,10/20/2017,10/22/2017,UNITED      0162370314124,-1312,y,,
Sale,10/19/2017,10/22/2017,ARCO #42370 AMPM,-19.07,y,,
Sale,10/19/2017,10/22/2017,BURKE IN A BOX LAS,-12.78,y,,
Sale,10/19/2017,10/22/2017,LOVES COUNTRY 00003400,-1.61,y,,
Payment,10/20/2017,10/20/2017,Payment Thank You - Web,1200,y,,
Sale,10/19/2017,10/20/2017,HERTZ RENT-A-CAR,-264.94,y,,
Sale,10/19/2017,10/20/2017,CHEVRON 0092038,-31.45,y,,
Sale,10/19/2017,10/20/2017,PORT OF SUBS 0195,-26.27,y,,
Sale,10/19/2017,10/20/2017,IMRAN TAXI SERVICE,-49,y,,
Sale,10/18/2017,10/20/2017,CONESTOGA GOLF CLUB,-20.25,y,,
Sale,10/17/2017,10/19/2017,CASABLANCA GOLF PROSHOP,-19.89,y,,
Sale,10/17/2017,10/19/2017,CASABLANCA CUPS TO GO,-4,y,,
Sale,10/17/2017,10/18/2017,WAL-MART #3847,-53.01,y,,
Sale,10/16/2017,10/18/2017,PALMS GOLF FOOD,-4.5,y,,
Sale,10/16/2017,10/18/2017,PALMS GOLF COURSE,-16.75,y,,
Sale,10/15/2017,10/17/2017,SFOUNION STREET GASTRO,-22.85,y,,
Sale,10/14/2017,10/15/2017,TOWNEPLACE SUITES STLO,-128.17,y,,
Sale,10/13/2017,10/15/2017,IMRAN TAXI SERVICE,-50,y,,
Sale,10/13/2017,10/15/2017,BRIOCHE DOREE MUPR STL,-7.09,y,,
Sale,10/13/2017,10/15/2017,HERTZ RENT-A-CAR,-241.29,y,,
Sale,10/13/2017,10/15/2017,MIKE SHANNONS STL,-29.19,y,,
Sale,10/13/2017,10/15/2017,PHILLIPS 66 - PETRO MART,-11.82,y,,
Sale,10/13/2017,10/15/2017,STARBUCKS MLWR STL,-23.57,y,,
Sale,10/12/2017,10/15/2017,HELEN FITZGERALD'S I,-51.06,y,,
Sale,10/12/2017,10/13/2017,WAL-MART #2694,-13.68,y,,
Sale,10/11/2017,10/12/2017,WAL-MART #2694,-50.85,y,,
Sale,10/10/2017,10/11/2017,WAL-MART #2694,-71.74,y,,
Fee,10/10/2017,10/10/2017,PURCHASE INTEREST CHARGE,-221.99,y,,
Sale,10/9/2017,10/10/2017,WAL-MART #805,-54.83,y,,
Sale,10/8/2017,10/10/2017,SAFEWAY #639,-49.41,y,,
Sale,10/7/2017,10/10/2017,LAKE CHABOT G.C.,-52,y,,
Sale,10/8/2017,10/9/2017,IMRAN TAXI SERVICE,-50.5,y,,
Sale,10/8/2017,10/9/2017,SQ *GOTHAM ENTERPRISES SF,-6.64,y,,
Sale,10/6/2017,10/8/2017,STARBUCKS STORE 05692,-2.5,,,
Sale,10/6/2017,10/8/2017,JACK'S RESTAURANT &amp; BA,-20,y,,
Sale,10/5/2017,10/8/2017,UNITED      0162368324915,-444.4,y,,
Payment,10/5/2017,10/5/2017,Payment Thank You - Web,1000,y,,
Sale,10/3/2017,10/5/2017,STAMINA PRODUCTS,-46.62,y,,
,,,,,,,
Sale,10/2/2017,10/3/2017,STATE OF CALIF DMV INT SC,-33,y,,
Sale,9/30/2017,10/1/2017,TOWNEPLACE SUITES STLO,-552.49,y,,
Sale,9/29/2017,10/1/2017,UNITED      0162367480358,-642.4,y,,
Sale,9/29/2017,10/1/2017,TOWNEPLACE SUITES OLYM,-634.26,y,,
Sale,9/28/2017,10/1/2017,IMRAN TAXI SERVICE,-49,y,,
Sale,9/28/2017,10/1/2017,HERTZ RENT-A-CAR,-264.81,y,,
Sale,9/28/2017,10/1/2017,MAD ANTHONYS SEA,-49.29,y,,
Sale,9/28/2017,9/29/2017,76 - INFINITY ENTERPRISES,-13.62,y,,
Sale,9/28/2017,9/29/2017,GA-CAMPUS PARKING 4,-14,y,,
Sale,9/27/2017,9/28/2017,GA-CAMPUS PARKING 4,-16,y,,
Sale,9/27/2017,9/28/2017,MEGABITES DELI,-6.51,y,,
Sale,9/26/2017,9/28/2017,SAFEWAY  STORE00015032,-60.97,y,,
Sale,9/26/2017,9/27/2017,GA-CAMPUS PARKING 8,-14,y,,
Sale,9/25/2017,9/27/2017,KLEIN DELI F,-19.13,y,,
Sale,9/25/2017,9/27/2017,SAFEWAY  STORE00015032,-68.04,y,,
Sale,9/25/2017,9/26/2017,IMRAN TAXI SERVICE,-49,y,,
Sale,9/23/2017,9/26/2017,LAKE CHABOT G.C.,-36,y,,
Sale,9/23/2017,9/24/2017,PATRICIA KERRIGAN,-55,y,,
Sale,9/21/2017,9/22/2017,CVS/PHARMACY #09977,-30,y,,
Sale,9/20/2017,9/22/2017,BURTON ANTIQUE AUTO PARTS,-500.02,y,,
Sale,9/19/2017,9/21/2017,HERTZ RENT-A-CAR,-2.9,y,,
Payment,9/20/2017,9/20/2017,Payment Thank You - Web,1200,y,,
Sale,9/19/2017,9/20/2017,CHEVRON 0091035,-30.32,y,,y
Sale,9/17/2017,9/19/2017,SHELL OIL 57442715504,-36.78,y,,y
Sale,9/17/2017,9/18/2017,76 - BB TRAVEL CENTER,-35.53,y,,y
Sale,9/17/2017,9/18/2017,TARGET        00011411,-24.81,y,,y
Sale,9/17/2017,9/18/2017,EL TIBURON,-39.82,y,,y
Sale,9/17/2017,9/18/2017,CHEVRON 0305034,-39.09,y,,y
Sale,9/15/2017,9/18/2017,US EGG PHOENIX,-20.46,y,,y
Sale,9/16/2017,9/17/2017,HILITER,-32,y,,
Sale,9/15/2017,9/17/2017,STACKERS RESTAURANT,-22.73,y,,y
Sale,9/15/2017,9/17/2017,0253/1AZ003 SEES CANDY,-20.4,y,,y
Sale,9/15/2017,9/17/2017,THE TAV,-31.39,y,,y
Sale,9/15/2017,9/17/2017,BARRIO CAFE INC,-21.91,y,,y
Sale,9/14/2017,9/17/2017,UNITED      0162365375210,-593.4,y,,y
Sale,9/14/2017,9/17/2017,STARBUCKS STORE 06682,-6.62,y,,y
Sale,9/14/2017,9/15/2017,76 - BB TRAVEL CENTER,-21.35,y,,y
Sale,9/13/2017,9/14/2017,HERTZ RENT-A-CAR,-161.89,y,,y
Sale,9/13/2017,9/14/2017,CHEVRON 0092133,-36.19,y,,?
Sale,9/12/2017,9/14/2017,SAFEWAY #639,-134.61,,,?
Payment,9/13/2017,9/13/2017,Payment Thank You - Web,1500,y,,y
,,,,,,,y
Fee,9/10/2017,9/10/2017,PURCHASE INTEREST CHARGE,-219.43,y,,y
Sale,9/3/2017,9/4/2017,76 - DOUBLE AA HAYWARD,-31.25,y,,y
Sale,8/28/2017,8/29/2017,HERTZ RENT-A-CAR,-411.3,y,,y
Sale,8/26/2017,8/28/2017,SERRAMONTE SUBARU,-179.51,y,,y
Sale,8/26/2017,8/27/2017,MARRIOTT COLUMBUS OSU,-1052.86,y,,y
Sale,8/25/2017,8/27/2017,BP#88633421259 E 5TH AVE,-9.23,y,,? Justin
Sale,8/25/2017,8/27/2017,IMRAN TAXI SERVICE,-49,y,,y
Sale,8/24/2017,8/25/2017,KROGER #221,-41.47,y,,y
Sale,8/23/2017,8/24/2017,KROGER #221,-65.9,y,,
Sale,8/22/2017,8/23/2017,KROGER #221,-59.4,y,,y
Sale,8/21/2017,8/23/2017,RIVERSIDE PARKING SERVICE,-3,y,,y
Sale,8/21/2017,8/22/2017,KROGER #221,-54.79,y,,y
Sale,8/20/2017,8/21/2017,LUCKY S COLUMBUS,-60.78,y,,y
Sale,8/20/2017,8/21/2017,BBOOKSTORE ST842,-3.85,,,y
Sale,8/20/2017,8/21/2017,IMRAN TAXI SERVICE,-49,y,,y
Sale,8/19/2017,8/21/2017,SAFEWAY  STORE00006395,-11.96,y,,y
Sale,8/19/2017,8/20/2017,CRYSTAL SPRINGS PRODUC,-53.61,y,,y
Sale,8/17/2017,8/20/2017,HERTZ RENT-A-CAR,-318.13,y,,y
Payment,8/18/2017,8/18/2017,Payment Thank You - Web,5000,,,y
Sale,8/17/2017,8/18/2017,CHEVRON 0090137,-3.08,y,,y
Sale,8/17/2017,8/18/2017,CHEVRON 0090137,-20.7,y,,y
Sale,8/17/2017,8/18/2017,76 - SAN BRUNO 76,-21.51,,,y
Sale,8/17/2017,8/18/2017,CVS/PHARMACY #09977,-19.65,y,,y
Sale,8/16/2017,8/18/2017,SHELL OIL 50429220028,-20.16,,,y
Sale,8/16/2017,8/18/2017,IHOP 689      00006890,-36.36,y,,y
Sale,8/16/2017,8/18/2017,UNITED      0162361225831,-851.6,y,,y
,,,,,,,y
,,,,,,,y
,,,,,,,y
Sale,8/16/2017,8/17/2017,ADEL'S RESTAURANT,-36.51,y,,y
Sale,8/15/2017,8/17/2017,PATRICIA KERRIGAN,-55,y,,refund
Sale,8/15/2017,8/16/2017,76 - BOREL 76,-35.57,,,?
Sale,8/14/2017,8/16/2017,OXFORD SUITES,-522.77,y,,?
Sale,8/14/2017,8/15/2017,CHEVRON 0092265,-28.59,,,y
Sale,8/14/2017,8/15/2017,THE SOUTHERN STATI,-71.15,y,,y
Sale,8/14/2017,8/15/2017,ZORROS CAFE AND CA,-88.51,y,,y
Sale,8/13/2017,8/15/2017,CITY OF PISMO BEACH - PAR,-2,y,,y   
Sale,8/11/2017,8/13/2017,CASABLANCA PACKAGES,-408,y,,y   
Fee,8/10/2017,8/10/2017,PURCHASE INTEREST CHARGE,-211.78,,,refund
Sale,8/5/2017,8/8/2017,LAKE CHABOT G.C.,-36,y,,y
Sale,8/4/2017,8/6/2017,RESIDENCE INN CAPITOL,-1071.74,y,,y
Payment,8/4/2017,8/4/2017,Payment Thank You - Web,2000,y,,y
Sale,8/3/2017,8/4/2017,CAPITAL IMAGE,-38.1,y,,y
Sale,8/3/2017,8/4/2017,HITCH TAXI DC,-17.39,y,,y
Sale,8/3/2017,8/4/2017,IMRAN TAXI SERVICE,-50,y,,y
Sale,8/2/2017,8/4/2017,SAFEWAY STORE 00028928,-48.93,y,,y
,,,,,,,y
Sale,8/1/2017,8/3/2017,SAFEWAY STORE 00028928,-55.99,y,,y
Sale,7/31/2017,8/2/2017,SAFEWAY STORE 00028928,-73.67,y,,y
Sale,7/30/2017,8/1/2017,TAXI SVC WASHINGTON,-18.92,y,,y
Sale,7/30/2017,8/1/2017,FRAICHE-SFO AIRPORT,-9.17,y,,y
Sale,7/30/2017,8/1/2017,SAFEWAY STORE 00028928,-56.94,y,,y
Sale,7/30/2017,7/31/2017,IMRAN TAXI SERVICE,-49,y,,y
Sale,7/29/2017,7/30/2017,99 RANCH #1782,-50.21,y,,y
Sale,7/29/2017,7/30/2017,99 RANCH #1782,-94.43,y,,y
Sale,7/25/2017,7/27/2017,UNITED      0162358101532,-1430,y,,y
Sale,7/23/2017,7/25/2017,LAKE CHABOT G.C.,-36,y,,y
Sale,7/23/2017,7/24/2017,CHEVRON 0092038,-36.2,y,,y
Sale,7/21/2017,7/23/2017,HERTZ RENT-A-CAR,-282.64,y,,?
Sale,7/21/2017,7/23/2017,IMRAN TAXI SERVICE,-50,y,,y
Sale,7/21/2017,7/23/2017,CROWNE PLAZA CHARLOTTE,-973.87,y,,y
Sale,7/21/2017,7/23/2017,AIRPORT EXPRESS,-8.07,y,,y
Sale,7/21/2017,7/23/2017,FIRST IN FLIGH12200010,-35.3,y,,y
Sale,7/20/2017,7/23/2017,CONNECTION CAF18149740,-13.61,y,,y
Sale,7/20/2017,7/21/2017,PUBLIX #1480,-31.18,y,,y
Sale,7/19/2017,7/21/2017,SC* THE HACKER NEWS DE,-43,y,,y
Sale,7/19/2017,7/21/2017,CONNECTION CAF18149740,-10.93,y,,y
Sale,7/19/2017,7/20/2017,PUBLIX #1480,-40.08,y,,y
Sale,7/18/2017,7/20/2017,CONNECTION CAF18149740,-8.67,y,,y
Sale,7/18/2017,7/19/2017,PUBLIX #1480,-37.47,y,,y
Sale,7/17/2017,7/19/2017,CONNECTION CAF18149740,-7.57,y,,y
,,,,,,,y
Sale,7/17/2017,7/18/2017,PUBLIX #1480,-42.56,y,,y
Sale,7/16/2017,7/17/2017,FOOD LION #1376,-44.46,y,,y
Sale,7/15/2017,7/17/2017,SAFEWAY  STORE00006395,-43.02,y,,y
Sale,7/15/2017,7/17/2017,SAFEWAY  STORE00006395,-4.36,,?,y
Payment,7/16/2017,7/16/2017,Payment Thank You - Web,1200,y,,y
Sale,7/15/2017,7/16/2017,COURTYARD BY MARRIOTT,-685.75,,,y
Sale,7/15/2017,7/16/2017,CITYWIDE TAXI,-50.55,,,y
Sale,7/14/2017,7/16/2017,M STARBUCKS BO12201513,-11.74,,,y
Sale,7/14/2017,7/16/2017,AIRPORT EXPRESS,-7.4,,,needs refund
Sale,7/14/2017,7/16/2017,MARKETPLACE MA12205720,-26.04,,,y
Sale,7/14/2017,7/16/2017,HERTZ RENT-A-CAR,-536.05,,,y
Sale,7/13/2017,7/16/2017,CONNECTION CAF18149740,-10.24,,,y
,,,,,,,y
Sale,7/13/2017,7/14/2017,PUBLIX #1480,-7.84,,,?
Sale,7/12/2017,7/14/2017,CONNECTION CAF18149740,-10.39,,,y
Sale,7/12/2017,7/13/2017,PUBLIX #1480,-26.49,,,y
Sale,7/11/2017,7/13/2017,CONNECTION CAF18149740,-8.43,,,y
Sale,7/11/2017,7/12/2017,PUBLIX #1480,-66.79,,,y
Sale,7/10/2017,7/11/2017,PUBLIX #1480,-7.46,,,y
Sale,7/10/2017,7/11/2017,PUBLIX #1480,-34.68,,,y
Sale,7/9/2017,7/11/2017,FRAICHE-SFO AIRPORT,-7.95,,,y
Fee,7/10/2017,7/10/2017,CASH ADVANCE INTEREST CHA,-0.64,,,y
Fee,7/10/2017,7/10/2017,PURCHASE INTEREST CHARGE,-143.69,,,y
Sale,7/9/2017,7/10/2017,PUBLIX #1480,-43.09,,,y
Sale,7/9/2017,7/10/2017,PUBLIX #1480,-17.17,,,
Sale,7/8/2017,7/9/2017,CVS/PHARMACY #09977,-11.35,,,
Sale,7/8/2017,7/9/2017,99 RANCH #1782,-134.64,,,
Sale,7/8/2017,7/9/2017,99 RANCH #1782,-36.04,,,
Sale,7/7/2017,7/9/2017,UNITED      0162355532697,-934.1,,,y
Sale,7/7/2017,7/9/2017,UNITED      0162355516520,-1204.1,,,y
Sale,7/7/2017,7/9/2017,PAYPAL *BEOGA NET,-65,,,y
Sale,7/4/2017,7/6/2017,THE GOLF CLUB AT MOFFETT,-60,,,y
Sale,7/4/2017,7/6/2017,THE GOLF CLUB AT MOFFETT,-2.5,,,y
,,,,,,,y
Sale,7/4/2017,7/5/2017,MIRAMAR BEACH RESTAURANT,-146.16,,,y
Sale,7/3/2017,7/4/2017,HALF MOON BAY NURSERY,-36.87,,,y
Sale,7/2/2017,7/4/2017,FHDA FOOTHILL REGISTRATIO,-189,,,y
Sale,7/1/2017,7/2/2017,RAINBOW PIZZA,-60.47,,,y
Sale,7/1/2017,7/4/2017,LAKE CHABOT G.C.,-11,,,y
Sale,6/29/2017,7/2/2017,LAKE CHABOT G.C.,-12,,,y
Sale,6/29/2017,7/2/2017,TACO BELL 30795,-11.6,,,y
Payment,6/27/2017,6/27/2017,Payment Thank You - Web,1000,,,y
Sale,6/25/2017,6/27/2017,MARE ISLAND GOLF COURSE,-5,,,y
Sale,6/24/2017,6/27/2017,LAKE CHABOT G.C.,-34,,,y
Sale,6/24/2017,6/25/2017,CHEVRON 0092038,-37.93,,,y
Sale,6/24/2017,6/26/2017,BEN TRE,-52.7,,,y
Sale,6/21/2017,6/22/2017,CRYSTAL SPRINGS PRODUC,-93.34,,,y
Sale,6/19/2017,6/21/2017,DOORDASH-CLAY OVEN SAN,-72.06,,,y
Sale,6/19/2017,6/19/2017,MANCORA CEVICHERIA,-176.58,,,y
Sale,6/17/2017,6/20/2017,CRYSTAL SPRINGS GOLF COUR,-49,,,y
Payment,6/16/2017,6/16/2017,Payment Thank You - Web,1000,,,y
Sale,6/15/2017,6/18/2017,CRYSTAL SPRINGS GOLF COUR,-5.5,,,y
Sale,6/15/2017,6/18/2017,CRYSTAL SPRINGS GOLF COUR,-85.91,,,y
Sale,6/15/2017,6/18/2017,CRYSTAL SPRINGS GOLF COUR,-14,,,y
Payment,6/14/2017,6/14/2017,Payment Thank You - Web,1500,,,y
Return,5/24/2017,6/11/2017,INTER-CONTINENTAL HOTELS,199.92,,,y
Fee,6/9/2017,6/9/2017,PURCHASE INTEREST CHARGE,-175.95,,,y
Fee,6/9/2017,6/9/2017,CASH ADVANCE INTEREST CHA,-6.85,,,y
Sale,6/8/2017,6/9/2017,COURTYARD BY MARRIOTT,-559.08,,,y
Sale,6/7/2017,6/8/2017,SQ *CRIMSON RIDE,-92,,,y
Sale,6/7/2017,6/9/2017,NT STARBUCKS M20351508,-11.75,,,y
Sale,6/7/2017,6/9/2017,NT FRENCH MEAD20350062,-17.32,,,y
Sale,6/7/2017,6/9/2017,MSP LA BREA,-24.12,,,y
Return,6/7/2017,6/9/2017,UNITED      0162350205696,208,,,y
Sale,6/7/2017,6/8/2017,IMRAN TAXI SERVICE,-48.5,,,y
Sale,6/6/2017,6/7/2017,ARAMARK GREAT RIVER ENERG,-13.88,,,y
Sale,6/6/2017,6/8/2017,COURTYARD BY MARRIOTT,-12,,,y
Sale,6/6/2017,6/8/2017,COURTYARD BY MARRIOTT,-27.94,,,y
Sale,6/5/2017,6/7/2017,COURTYARD BY MARRIOTT,-12,,,y
Sale,6/5/2017,6/6/2017,REUAN THAI RESTAURANT,-12,,,y
Sale,6/5/2017,6/7/2017,COURTYARD BY MARRIOTT,-33.38,,,y
Sale,6/4/2017,6/6/2017,BUENA VISTA SF30098164,-43.08,,,y
Sale,6/4/2017,6/5/2017,EMPORIO RULLI SFO,-9.33,,,y
Sale,6/4/2017,6/6/2017,COURTYARD BY MARRIOTT,-35.92,,,y
Sale,6/4/2017,6/5/2017,SQ *TAXI SERVICE GOSQ.COM,-98.9,,,y
Sale,6/4/2017,6/5/2017,DICK'S SPORTING GOODS,-47.48,,,y
Sale,6/4/2017,6/4/2017,CL *CHASE TRAVEL,-450.88,,,y
Sale,6/4/2017,6/5/2017,IMRAN TAXI SERVICE,-49,,,y
Sale,6/3/2017,6/5/2017,UNITED      0162929240537,-602,,,y
Sale,6/3/2017,6/5/2017,SAFEWAY  STORE00006395,-120.47,,,y
Sale,6/3/2017,6/5/2017,UNITED      0162350833708,-11.2,,,y
Sale,6/3/2017,6/5/2017,UNITED      0162350833707,-11.2,,,y
Payment,5/31/2017,5/31/2017,Payment Thank You - Web,6000,,,y
Sale,5/30/2017,5/31/2017,CASHNET*SERVICE FEE,-5.5,,,y
Sale,5/30/2017,6/1/2017,UNITED      0162350205696,-998.4,,,y
Sale,5/30/2017,5/31/2017,HUMBOLDT,-200,,,y
Sale,5/29/2017,5/31/2017,7 ELEVEN 37940,-17.99,,,y
Sale,5/29/2017,5/31/2017,TENAYA LODGING,-742.4,,,y
Sale,5/27/2017,5/28/2017,CHEVRON 0092038,-39.48,,,y
Sale,5/27/2017,5/28/2017,CVS/PHARMACY #09977,-19.65,,,y
Sale,5/26/2017,5/28/2017,IMRAN TAXI SERVICE,-50,,,y
Sale,5/25/2017,5/28/2017,INTER CONTINENTAL,-183.94,,,y
Sale,5/22/2017,5/24/2017,SAS HOTEL,-346.69,,,y
Sale,5/21/2017,5/24/2017,SAS HOTEL,-41.87,,,y
Sale,5/20/2017,5/22/2017,INTER CONTINENTAL,-14.67,,,y
Sale,5/20/2017,5/22/2017,SAS HOTEL,-49.34,,,y
Sale,5/20/2017,5/22/2017,INTER CONTINENTAL,-512.41,,,y
Fee,5/19/2017,5/19/2017,TRANSACTION FEE,-10,,,y
Sale,5/19/2017,5/21/2017,INTER CONTINENTAL,-57.34,,,y
Sale,5/19/2017,5/21/2017,INTER CONTINENTAL,-29.34,,,y
Cash Advance,5/18/2017,5/19/2017,DAMMAN/DAMMAN  AIRPORT,-133.34,,,y
Sale,5/18/2017,5/21/2017,INTER CONTINENTAL,-58.68,,,y
Sale,5/18/2017,5/21/2017,RADHWA - HOLIDAY INN Ki,-428.74,,,y
Sale,5/17/2017,5/18/2017,RADHWA - HOLIDAY INN Ki,-63.2,,,y
Sale,5/16/2017,5/18/2017,INTER CONTINENTAL,-12,null,null,y ambasador
Sale,5/16/2017,5/18/2017,INTER CONTINENTAL,-200.01,null,null,y
Sale,5/16/2017,5/18/2017,popeys,-6.13,null,null,y
Payment,5/16/2017,5/16/2017,Payment Thank You - Web,2500,null,null,y
Sale,5/16/2017,5/17/2017,RADHWA - HOLIDAY INN Ki,-52,null,null,y
Sale,5/16/2017,5/18/2017,popeys,-6.13,null,null,y
Sale,5/16/2017,5/18/2017,NATIONAL AIR SERVICES(NAS,-12,null,null,y
Sale,5/15/2017,5/16/2017,Soul Kitchen and Restaura,-64.81,null,null,y
Sale,5/15/2017,5/17/2017,INTER CONTINENTAL,-400.01,null,null,y
Sale,5/14/2017,5/16/2017,Riyadh Marriott,-584.85,null,null,y
Sale,5/14/2017,5/16/2017,INTER CONTINENTAL,-64.01,null,null,y
Cash Advance,5/14/2017,5/14/2017,AL RAJHI BANK/ZAITI GAS S,-133.34,null,null,y
Fee,5/14/2017,5/14/2017,TRANSACTION FEE,-10,null,null,y
Sale,5/13/2017,5/15/2017,Riyadh Marriott,-21.87,null,null,y
Sale,5/13/2017,5/15/2017,Riyadh Marriott,-60,null,null,y
Sale,5/12/2017,5/15/2017,Riyadh Marriott,-24,null,null,y
Sale,5/11/2017,5/15/2017,Riyadh Marriott,-61.34,null,null,
,,,,,,,y
,,,,,,,y
,,,,,,,y
,,,,,,,y
Sale,5/10/2017,5/12/2017,MOVENPICK HOTEL ALQASSIM,-373.36,null,null,y
Sale,5/10/2017,5/11/2017,PURE CO,-56.8,null,null,y
Fee,5/10/2017,5/10/2017,CASH ADVANCE INTEREST CHA,-3.23,null,null,y
Sale,5/10/2017,5/12/2017,NATIONAL AIR SERVICES(NAS,-65.07,null,null,y
Fee,5/10/2017,5/10/2017,PURCHASE INTEREST CHARGE,-136.45,null,null,y
Sale,5/9/2017,5/11/2017,PURE CO,-41.34,null,null,y
Sale,5/8/2017,5/10/2017,Riyadh Intercontinental,-54.94,null,null,y
Sale,5/8/2017,5/10/2017,NATIONAL AIR SERVICES(NAS,-322.15,null,null,
Sale,5/8/2017,5/9/2017,Riyadh Intercontinental,-25.87,null,null,
Sale,5/7/2017,5/8/2017,Riyadh Intercontinental,-13.08,null,null,
Sale,5/7/2017,5/10/2017,SAUDI AIR   0065248447385,-68,null,null,
Sale,5/7/2017,5/9/2017,Riyadh Intercontinental,-63.21,null,null,
Sale,5/6/2017,5/8/2017,Riyadh Intercontinental,-64.59,null,null,
Sale,5/6/2017,5/8/2017,Riyadh Intercontinental,-408.07,null,null,
Sale,5/6/2017,5/7/2017,Riyadh Intercontinental,-13.08,null,null,
Fee,5/5/2017,5/5/2017,TRANSACTION FEE,-10,null,null,
Sale,5/5/2017,5/7/2017,Riyadh Intercontinental,-66.19,null,null,
Sale,5/5/2017,5/7/2017,Riyadh Intercontinental,-11.48,null,null,
Sale,5/5/2017,5/7/2017,Riyadh Intercontinental,-683.13,null,null,
Payment,5/4/2017,5/4/2017,Payment Thank You - Web,3400,null,null,
Sale,5/4/2017,5/7/2017,Riyadh Intercontinental,-61.38,null,null,
Cash Advance,5/4/2017,5/5/2017,AL RAJHI BANK/KKIA TERM 5,-133.35,null,null,
Payment,5/4/2017,5/4/2017,Payment Thank You - Web,3400,null,null,
Sale,5/2/2017,5/4/2017,CROWN PLAZA RIYADH MINHAL,-177.75,null,null,
Sale,5/2/2017,5/4/2017,CARIBOU COFFE,-22.94,null,null,
Payment,5/2/2017,5/2/2017,Payment Thank You - Web,700,null,null,
Sale,5/1/2017,5/4/2017,CROWN PLAZA RIYADH MINHAL,-61.08,null,null,
Sale,5/1/2017,5/3/2017,INTER CONTINENTAL,-238.13,null,null,
Fee,5/1/2017,5/1/2017,TRANSACTION FEE,-10,null,null,
Sale,4/30/2017,5/2/2017,COOPER CHANDNI REST.,-29.61,null,null,
Sale,4/30/2017,5/2/2017,SAUDIA AIR  0657997697930,-203,null,null,
Cash Advance,4/30/2017,5/1/2017,KING ABDUAZIZ/KING ABDUAZ,-133.36,null,null,
Sale,4/29/2017,5/1/2017,INTER CONTINENTAL,-1579.85,null,null,
Sale,4/29/2017,5/1/2017,INTER CONTINENTAL,-14.67,null,null,
Sale,4/29/2017,4/30/2017,Soul Kitchen and Restaura,-64.55,null,null,
Sale,4/28/2017,5/2/2017,AL-SANBOOK RESTAURANT,-59.75,null,null,
Sale,4/28/2017,4/30/2017,STARBUCKS,-21.22,null,null,
Sale,4/28/2017,4/30/2017,CAFE LILOU,-29.97,null,null,
Sale,4/28/2017,4/30/2017,MASSIMO DUTTI - SEEF MAL,-23.87,null,null,
Sale,4/28/2017,4/30/2017,INTER CONTINENTAL,-24.01,null,null,
Fee,4/28/2017,4/28/2017,TRANSACTION FEE,-10,null,null,
Sale,4/27/2017,4/30/2017,STEAK HOUSE,-37.34,null,null,
Cash Advance,4/27/2017,4/28/2017,KING ABDUAZIZ/KING ABDUAZ,-133.36,null,null,
Sale,4/26/2017,4/28/2017,MALABAR GOLD &amp;DIAMONDS,-636.11,null,null,
Sale,4/26/2017,4/28/2017,FINE FOOD CO,-22.67,null,null,
Sale,4/26/2017,4/28/2017,MALABAR GOLD &amp;DIAMONDS,-1360.23,null,null,
Sale,4/26/2017,4/28/2017,INTER CONTINENTAL,-28,null,null,
Sale,4/25/2017,4/26/2017,Soul Kitchen and Restaura,-61.07,null,null,
Sale,4/25/2017,4/27/2017,INTER CONTINENTAL,-48,null,null,
Sale,4/24/2017,4/26/2017,INTER CONTINENTAL,-65.34,null,null,
Sale,4/23/2017,4/25/2017,UNITED      0162925265332,-300,null,null,
Sale,4/23/2017,4/25/2017,INTER CONTINENTAL,-6.67,null,null,
Sale,4/23/2017,4/25/2017,UNITED      0162345137822,-229,null,null,
,4/22/2017,,butcher shop,135 sar,,,
Sale,4/22/2017,4/24/2017,INTER CONTINENTAL,-1647.56,null,null,
Sale,4/22/2017,4/24/2017,INTER CONTINENTAL,-6.67,null,null,
Sale,4/22/2017,4/24/2017,INTER CONTINENTAL,-28,null,null,
Sale,4/21/2017,4/23/2017,INTER CONTINENTAL,-6.67,null,null,
Sale,4/21/2017,4/23/2017,INTER CONTINENTAL,-28,null,null,
Sale,4/21/2017,4/23/2017,GOURMET BURGER KITCHEN,-29.07,null,null,
Sale,4/21/2017,4/24/2017,SPORT DIRCIT,-10.4,null,null,
Sale,4/21/2017,4/23/2017,INTER CONTINENTAL,-28,null,null,
Sale,4/21/2017,4/23/2017,GOURMET BURGER KITCHEN,-29.07,null,null,
Sale,4/20/2017,4/21/2017,Soul Kitchen and Restaura,-61.87,null,null,
Payment,4/20/2017,4/20/2017,Payment Thank You - Web,1500,null,null,
Sale,4/20/2017,4/23/2017,INTER CONTINENTAL,-6.67,null,null,
Sale,4/19/2017,4/21/2017,INTER CONTINENTAL,-6.67,null,null,
Sale,4/19/2017,4/21/2017,AL-GONDOOL RESTAURANT,-60.01,null,null,
Sale,4/18/2017,4/20/2017,STEAK HOUSE,-49.6,null,null,
Sale,4/18/2017,4/20/2017,INTER CONTINENTAL,-6.67,null,null,
Sale,4/17/2017,4/18/2017,Soul Kitchen and Restaura,-61.07,null,null,
Sale,4/17/2017,4/19/2017,INTER CONTINENTAL,-6.67,null,null,
Sale,4/17/2017,4/19/2017,STARBUCKS,-28,null,null,
Sale,4/16/2017,4/18/2017,INTER CONTINENTAL,-6.67,null,null,
Sale,4/15/2017,4/17/2017,COOPER CHANDNI REST.,-23.76,null,null,
Sale,4/15/2017,4/17/2017,MEED#63003,-53.39,null,null,
Sale,4/15/2017,4/17/2017,INTER CONTINENTAL,-33.63,null,null,
Sale,4/14/2017,4/16/2017,INTER CONTINENTAL,-200.2,null,null,
Sale,4/14/2017,4/17/2017,RELIABLE APPLIANCE SVCS,-385,null,null,
Sale,4/13/2017,4/16/2017,NAPA FARMS MARKET,-19.86,null,null,
Sale,4/13/2017,4/14/2017,CVS/PHARMACY #09977,-31.69,null,null,
Sale,4/11/2017,4/13/2017,BURLINGAME SMILE STUDI,-404.81,null,null,
Sale,4/10/2017,4/11/2017,CVS/PHARMACY #09977,-11.35,null,null,
Fee,4/10/2017,4/10/2017,PURCHASE INTEREST CHARGE,-56.5,null,null,
Fee,4/10/2017,4/10/2017,CASH ADVANCE INTEREST CHA,-0.83,null,null,
Sale,4/9/2017,4/11/2017,LAKE CHABOT G.C.,-40,null,null,
Sale,4/9/2017,4/11/2017,LEE'S SANDWICHES,-14.97,null,null,
Sale,4/8/2017,4/9/2017,SKUNK TRAIN,-102.6,null,null,
Sale,4/8/2017,4/9/2017,EEL RIVER FUELS ONE STOP,-19.87,null,null,
Sale,4/8/2017,4/9/2017,IN *COTTAGES AT LITTLE RI,-21.37,null,null,
Sale,4/7/2017,4/9/2017,HARVEST MARKET,-60.79,null,null,
Sale,4/6/2017,4/9/2017,IN *COTTAGES AT LITTLE RI,-628.03,null,null,
Sale,4/6/2017,4/7/2017,CHEVRON 0092038,-43.74,null,null,
Sale,4/6/2017,4/9/2017,JERRYS VALERO,-28.25,null,null,
Sale,4/5/2017,4/7/2017,INTER CONTINENTAL,-353.59,null,null,
Sale,4/5/2017,4/7/2017,FHDA FOOTHILL REGISTRATIO,-455,null,null,null
Sale,4/5/2017,4/7/2017,CRYSTAL SPRINGS GOLF COUR,-14,null,null,
Payment,4/4/2017,4/4/2017,Payment Thank You - Web,1000,null,null,null
Payment,4/2/2017,4/2/2017,Payment Thank You - Web,1500,null,null,
Sale,4/1/2017,4/4/2017,LAKE CHABOT G.C.,-51,null,null,
Sale,4/1/2017,4/3/2017,LEE'S SANDWICHES,-11.47,null,null,
Sale,3/29/2017,3/31/2017,CRYSTAL SPRINGS WINES N S,-33.88,null,null,
Sale,3/27/2017,4/2/2017,LUFTHANSA   2208211736374,-130,null,null,
Sale,3/26/2017,3/28/2017,UNITED      0162341527046,-1365.76,null,null,
Sale,3/25/2017,3/26/2017,IMRAN TAXI SERVICE,-49,null,null,
Sale,3/24/2017,3/27/2017,COSTA CAFFE,-17.87,null,null,
Sale,3/23/2017,3/26/2017,INTER CONTINENTAL,-316.41,null,null,
Sale,3/23/2017,3/26/2017,INTER CONTINENTAL,-76.28,null,null,
Sale,3/19/2017,3/21/2017,INTER CONTINENTAL,-734.76,null,null,
Sale,3/18/2017,3/20/2017,INTER CONTINENTAL,-69.35,null,null,
Sale,3/16/2017,3/17/2017,A.M.AlHokair Gr for tour,-48.01,null,null,
Payment,3/15/2017,3/15/2017,Payment Thank You - Web,2000,null,null,
Sale,3/15/2017,3/16/2017,A.M.AlHokair Gr for tour,-200.05,null,null,
Sale,3/12/2017,3/14/2017,INTER CONTINENTAL,-944.79,null,null,
Sale,3/11/2017,3/14/2017,MAXIM RESTAURANTS COMPANY,-20.8,null,null,
Sale,3/11/2017,3/13/2017,INTER CONTINENTAL,-65.34,null,null,
Sale,3/10/2017,3/12/2017,PAPAS GRILL-KHOBAR CAT,-34.94,null,null,
Fee,3/10/2017,3/10/2017,CASH ADVANCE INTEREST CHA,-2.7,null,null,
Sale,3/9/2017,3/12/2017,INTER CONTINENTAL,-72.01,null,null,
Sale,3/9/2017,3/12/2017,STAKE HOUSE.,-34.67,null,null,
Sale,3/8/2017,3/10/2017,SAS HOTEL,-1573.64,null,null,
Sale,3/8/2017,3/10/2017,SAS HOTEL,-14.14,null,null,
Sale,3/8/2017,3/9/2017,Soul Kitchen and Restaura,-87.22,null,null,
Sale,3/7/2017,3/9/2017,SAS HOTEL,-40.01,null,null,
Sale,3/7/2017,3/9/2017,SAS HOTEL,-50.41,null,null,
Sale,3/7/2017,3/9/2017,SAS HOTEL,-14.14,null,null,
Sale,3/6/2017,3/8/2017,SAS HOTEL,-14.67,null,null,
Sale,3/6/2017,3/9/2017,SAS HOTEL,-41.34,null,null,
Sale,3/5/2017,3/7/2017,SAS HOTEL,-14.14,null,null,
Sale,3/4/2017,3/7/2017,SAS HOTEL,-21.34,null,null,
Sale,3/4/2017,3/6/2017,SAS HOTEL,-41.34,null,null,
Sale,3/3/2017,3/5/2017,STARBUCKS,-9.34,null,null,
Sale,3/3/2017,3/5/2017,SAS HOTEL,-37.34,null,null,
Sale,3/3/2017,3/5/2017,SAS HOTEL,-13.87,null,null,
Sale,3/2/2017,3/5/2017,SAS HOTEL,-39.48,null,null,
Sale,3/2/2017,3/5/2017,SAS HOTEL,-42.68,null,null,
Sale,3/1/2017,3/3/2017,SAS HOTEL,-37.34,null,null,
Sale,3/1/2017,3/3/2017,STARBUCKS,-22.14,null,null,
Sale,3/1/2017,3/3/2017,SAS HOTEL,-50.68,null,null,
Sale,2/28/2017,3/3/2017,SAS HOTEL,-41.34,null,null,
Sale,2/28/2017,3/2/2017,SAS HOTEL,-42.68,null,null,
Sale,2/27/2017,3/1/2017,SAS HOTEL,-280.07,null,null,
Sale,2/27/2017,3/1/2017,INTER CONTINENTAL,-200.05,null,null,
Sale,2/27/2017,3/2/2017,SAS HOTEL,-40.01,null,null,
Fee,2/27/2017,2/27/2017,TRANSACTION FEE,-10,null,null,
Sale,2/26/2017,2/27/2017,Soul Kitchen and Restaura,-85.6,null,null,
Sale,2/26/2017,2/28/2017,MEED#63003,-53.34,null,null,
Sale,2/26/2017,2/28/2017,INTER CONTINENTAL,-522.5,null,null,
Sale,2/26/2017,2/28/2017,INTER CONTINENTAL,-33.6,null,null,
Fee,2/26/2017,2/26/2017,TRANSACTION FEE,-10,null,null,
Cash Advance,2/26/2017,2/27/2017,KING ABDUAZIZ/KING ABDUAZ,-133.34,null,null,
Cash Advance,2/25/2017,2/26/2017,KING ABDUAZIZ/KING ABDUAZ,-133.34,null,null,
Sale,2/25/2017,2/27/2017,INTER CONTINENTAL,-33.6,null,null,
Sale,2/25/2017,2/27/2017,KAN,-90.67,null,null,
Sale,2/24/2017,2/26/2017,Soul Kitchen and Restaura,-88,null,null,
Sale,2/23/2017,2/27/2017,AL MUSBAH CO,-66.4,null,null,
Sale,2/23/2017,2/27/2017,almusbah 60,-8,null,null,
Sale,2/22/2017,2/23/2017,NAPA FARMS MARKET,-20.97,null,null,
Sale,2/22/2017,2/23/2017,IMRAN TAXI SERVICE,-49,null,null,
Payment,2/20/2017,2/20/2017,Payment Thank You - Web,1000,null,null,
Sale,2/18/2017,2/19/2017,LAMPS PLUS - 39,-243.85,null,null,
Sale,2/18/2017,2/19/2017,VANS #0359,-30.41,null,null,
Sale,2/18/2017,2/20/2017,NORDSTROM #0420,-32.92,null,null,
Sale,2/17/2017,2/19/2017,CHEVRON 0092712,-55.99,null,null,
Payment,2/17/2017,2/17/2017,Payment Thank You - Web,2000,null,null,
Sale,2/16/2017,2/17/2017,ROTO-ROOTER 10193,-335,null,null,
Sale,2/15/2017,2/17/2017,LUFTHANSA   2208211172162,-130,null,null,
Sale,2/14/2017,2/16/2017,SAFEWAY  STORE00006395,-21.79,null,null,
Sale,2/14/2017,2/16/2017,UNITED      0162336069836,-85.4,null,null,
Sale,2/14/2017,2/16/2017,UNITED      0162928676301,-300,null,null,
Sale,2/10/2017,2/12/2017,UNITED      0162335547097,-1427.56,null,null,
Sale,2/10/2017,2/12/2017,DFS GALLERIA HIA DP,-61.67,null,null,
Sale,2/10/2017,2/12/2017,SAN FRANCISCO AP CART,-5,null,null,
Sale,2/10/2017,2/12/2017,IMRAN TAXI SERVICE,-50,null,null,
Sale,2/9/2017,2/12/2017,STARBUCKS MAIN30221527,-27.12,null,null,
Sale,2/9/2017,2/14/2017,STARBUCKS NAIA TERM1,-34.52,null,null,
Sale,2/9/2017,2/12/2017,STORE #5 GATE 9,-15.75,null,null,
Sale,2/7/2017,2/9/2017,STARBUCKS  YUPANGCO,-35.2,null,null,
Sale,2/7/2017,2/9/2017,STARBUCKS  GREENHILLS,-31.59,null,null,
Sale,2/7/2017,2/8/2017,PERI PERI CHARCOAL CHI,-39.06,null,null,
Sale,2/7/2017,2/8/2017,MARRIOTT MANILA FO PHP,-4.82,null,null,
Sale,2/7/2017,2/8/2017,BRILLO JEWELLERS-GREENHIL,-365.63,null,null,
Sale,2/6/2017,2/8/2017,THOUSAND CRANES,-34.27,null,null,
Sale,2/5/2017,2/8/2017,BROTHERS BURGER MAGALL,-30.05,null,null,
Sale,2/5/2017,2/8/2017,KUROMON JAPANESE MARKE,-42.7,null,null,
Sale,2/5/2017,2/8/2017,158 DESIGNERS BLVD NEW,-87.44,null,null,
Sale,2/4/2017,2/5/2017,TOTAL EUROFUEL VILLAMOR,-32.01,null,null,
Sale,2/4/2017,2/8/2017,GERRY S GRILL NEWPORT,-42.31,null,null,
Sale,2/3/2017,2/8/2017,RACKS RESTAURANT  MAGA,-23.62,null,null,
Payment,2/2/2017,2/2/2017,Payment Thank You - Web,1000,null,null,
Fee,2/1/2017,2/1/2017,ANNUAL MEMBERSHIP FEE,-450,null,null,
Sale,1/30/2017,1/31/2017,S &amp; R BACLARAN,-314.37,null,null,
Sale,1/29/2017,1/30/2017,BESTSELLER AIRPORT,-23,null,null,
Sale,1/28/2017,1/29/2017,OTG MANAGEMENT EWR, LLC,-10.68,null,
Adjustment,1/28/2017,1/29/2017,TRAVEL CREDIT $300/YEAR,49,null,null,
Sale,1/28/2017,1/29/2017,OTG MANAGEMENT EWR, LLC,-3.44,null,
Sale,1/28/2017,1/29/2017,IMRAN TAXI SERVICE,-49,null,null,
Sale,1/27/2017,1/29/2017,IMRAN TAXI SERVICE,-49.5,null,null,
Adjustment,1/27/2017,1/29/2017,TRAVEL CREDIT $300/YEAR,6.3,null,null,
Sale,1/27/2017,1/30/2017,GRACEFULLY,-9.8,null,null,
Sale,1/27/2017,1/29/2017,STARBUCKS STORE 29173,-23.84,null,null,
Adjustment,1/27/2017,1/29/2017,TRAVEL CREDIT $300/YEAR,49.5,null,null,
Sale,1/27/2017,1/29/2017,0000NYCTAXI8Y52,-84.1,null,null,
Adjustment,1/27/2017,1/29/2017,TRAVEL CREDIT $300/YEAR,9.56,null,null,
Sale,1/27/2017,1/29/2017,0000NYCTAXI9M57,-6.3,null,null,
Sale,1/27/2017,1/29/2017,TC STARBUCKS C10421519,-59.64,null,null,
Sale,1/27/2017,1/29/2017,0000NYCTAXI4Y26,-5.8,null,null,
Sale,1/26/2017,1/27/2017,0000NYCTAXI4H52,-7.8,null,null,
Adjustment,1/26/2017,1/27/2017,TRAVEL CREDIT $300/YEAR,7.8,null,null,
Sale,1/26/2017,1/29/2017,GRACEFULLY,-19.06,null,null,
Sale,1/26/2017,1/29/2017,NYC-TAXI,-10.8,null,null,
Adjustment,1/26/2017,1/29/2017,TRAVEL CREDIT $300/YEAR,10.8,null,null,
Sale,1/26/2017,1/29/2017,FAIRFIELD INN &amp; SUITES,-15.07,null,null,
Sale,1/25/2017,1/27/2017,TOMOKAZU JAPANESE CUISINE,-43.1,null,null,
Sale,1/25/2017,1/27/2017,FAIRFIELD INN &amp; SUITES,-27.04,null,null,
Adjustment,1/25/2017,1/26/2017,TRAVEL CREDIT $300/YEAR,48.5,null,null,
Sale,1/25/2017,1/26/2017,TAXI-PASS.COM,-91.5,null,null,
Adjustment,1/25/2017,1/26/2017,TRAVEL CREDIT $300/YEAR,91.5,null,null,
Sale,1/25/2017,1/26/2017,IMRAN TAXI SERVICE,-48.5,null,null,
Adjustment,1/25/2017,1/27/2017,TRAVEL CREDIT $300/YEAR,27.04,null,null,
Sale,1/23/2017,1/23/2017,SAN BRUNO IHAW IHAW INC,-44.6,null,null,
Sale,1/22/2017,1/23/2017,COSTCO WHSE #0147,-250.13,null,null,
Sale,1/21/2017,1/23/2017,NORDSTROM #0420,-35.92,null,null,
Sale,1/21/2017,1/23/2017,NORDSTROM #0420,-5.4,null,null,
